,AR ID (string),Landfall Datetime,Max ERM,Max IVT,End Season Year,Month,AR ID (Number)
0,/home/orca/bkerns/projects/mjo_lpt_and_ar/tracking/lpt-python-public/ar.testing7.merge_split/data/ar/g0_0h/thresh1/systems/2022060100_2023063023/lpt_system_mask_ar.lptid00001.1000.nc,2022-06-04T08:00:00,1.8188345916179323,1705.1346,2022,6,1.1
1,/home/orca/bkerns/projects/mjo_lpt_and_ar/tracking/lpt-python-public/ar.testing7.merge_split/data/ar/g0_0h/thresh1/systems/2022060100_2023063023/lpt_system_mask_ar.lptid00001.2000.nc,2022-06-08T03:00:00,1.9946669015269987,1687.1355,2022,6,1.2
2,/home/orca/bkerns/projects/mjo_lpt_and_ar/tracking/lpt-python-public/ar.testing7.merge_split/data/ar/g0_0h/thresh1/systems/2022060100_2023063023/lpt_system_mask_ar.lptid00122.0900.nc,2022-08-27T14:00:00,1.4710364221331185,2099.822,2022,8,122.09
3,/home/orca/bkerns/projects/mjo_lpt_and_ar/tracking/lpt-python-public/ar.testing7.merge_split/data/ar/g0_0h/thresh1/systems/2022060100_2023063023/lpt_system_mask_ar.lptid00122.1200.nc,2022-09-04T06:00:00,0.7402035113757827,1319.0696,2022,9,122.12
4,/home/orca/bkerns/projects/mjo_lpt_and_ar/tracking/lpt-python-public/ar.testing7.merge_split/data/ar/g0_0h/thresh1/systems/2022060100_2023063023/lpt_system_mask_ar.lptid00196.1000.nc,2022-09-04T08:00:00,1.4710364221331185,1401.6842,2022,9,196.1
5,/home/orca/bkerns/projects/mjo_lpt_and_ar/tracking/lpt-python-public/ar.testing7.merge_split/data/ar/g0_0h/thresh1/systems/2022060100_2023063023/lpt_system_mask_ar.lptid00213.1000.nc,2022-09-10T02:00:00,1.3744195145472824,992.6082,2022,9,213.1
6,/home/orca/bkerns/projects/mjo_lpt_and_ar/tracking/lpt-python-public/ar.testing7.merge_split/data/ar/g0_0h/thresh1/systems/2022060100_2023063023/lpt_system_mask_ar.lptid00316.6000.nc,2022-11-25T04:00:00,0.6549908853527054,958.6233,2022,11,316.6
7,/home/orca/bkerns/projects/mjo_lpt_and_ar/tracking/lpt-python-public/ar.testing7.merge_split/data/ar/g0_0h/thresh1/systems/2022060100_2023063023/lpt_system_mask_ar.lptid00316.7000.nc,2022-11-27T06:00:00,0.6297175442404565,591.77234,2022,11,316.7
8,/home/orca/bkerns/projects/mjo_lpt_and_ar/tracking/lpt-python-public/ar.testing7.merge_split/data/ar/g0_0h/thresh1/systems/2022060100_2023063023/lpt_system_mask_ar.lptid00494.6000.nc,2023-03-02T11:00:00,0.510629230781958,1429.0503,2022,2,494.6
9,/home/orca/bkerns/projects/mjo_lpt_and_ar/tracking/lpt-python-public/ar.testing7.merge_split/data/ar/g0_0h/thresh1/systems/2022060100_2023063023/lpt_system_mask_ar.lptid00558.1000.nc,2023-03-28T00:00:00,1.3843263802823143,666.7147,2022,3,558.1
10,/home/orca/bkerns/projects/mjo_lpt_and_ar/tracking/lpt-python-public/ar.testing7.merge_split/data/ar/g0_0h/thresh1/systems/2003060100_2004063023/lpt_system_mask_ar.lptid00206.2000.nc,2003-09-09T08:00:00,1.1518012285232544,2073.5833,2003,9,206.2
11,/home/orca/bkerns/projects/mjo_lpt_and_ar/tracking/lpt-python-public/ar.testing7.merge_split/data/ar/g0_0h/thresh1/systems/2003060100_2004063023/lpt_system_mask_ar.lptid00206.3000.nc,2003-09-14T07:00:00,0.37590792775154114,2007.6184,2003,9,206.3
12,/home/orca/bkerns/projects/mjo_lpt_and_ar/tracking/lpt-python-public/ar.testing7.merge_split/data/ar/g0_0h/thresh1/systems/2003060100_2004063023/lpt_system_mask_ar.lptid00206.5000.nc,2003-09-16T23:00:00,0.37590792775154114,540.08636,2003,9,206.5
13,/home/orca/bkerns/projects/mjo_lpt_and_ar/tracking/lpt-python-public/ar.testing7.merge_split/data/ar/g0_0h/thresh1/systems/2003060100_2004063023/lpt_system_mask_ar.lptid00206.7000.nc,2003-09-19T13:00:00,0.1960216462612152,1177.1028,2003,9,206.7
14,/home/orca/bkerns/projects/mjo_lpt_and_ar/tracking/lpt-python-public/ar.testing7.merge_split/data/ar/g0_0h/thresh1/systems/2004060100_2005063023/lpt_system_mask_ar.lptid00730.1000.nc,2005-06-16T09:00:00,1.4853349924087524,2107.8103,2004,6,730.1
15,/home/orca/bkerns/projects/mjo_lpt_and_ar/tracking/lpt-python-public/ar.testing7.merge_split/data/ar/g0_0h/thresh1/systems/2004060100_2005063023/lpt_system_mask_ar.lptid00730.2000.nc,2005-06-16T16:00:00,1.4853349924087524,659.67053,2004,6,730.2
16,/home/orca/bkerns/projects/mjo_lpt_and_ar/tracking/lpt-python-public/ar.testing7.merge_split/data/ar/g0_0h/thresh1/systems/2000060100_2001063023/lpt_system_mask_ar.lptid00004.1000.nc,2000-06-05T10:00:00,0.43826591483002547,924.9309,2000,6,4.1
17,/home/orca/bkerns/projects/mjo_lpt_and_ar/tracking/lpt-python-public/ar.testing7.merge_split/data/ar/g0_0h/thresh1/systems/2000060100_2001063023/lpt_system_mask_ar.lptid00077.7000.nc,2000-07-28T00:00:00,0.4965781584283396,1691.7664,2000,8,77.7
18,/home/orca/bkerns/projects/mjo_lpt_and_ar/tracking/lpt-python-public/ar.testing7.merge_split/data/ar/g0_0h/thresh1/systems/2000060100_2001063023/lpt_system_mask_ar.lptid00172.4000.nc,2000-08-17T19:00:00,0.8775666715567414,712.4088,2000,8,172.4
19,/home/orca/bkerns/projects/mjo_lpt_and_ar/tracking/lpt-python-public/ar.testing7.merge_split/data/ar/g0_0h/thresh1/systems/2000060100_2001063023/lpt_system_mask_ar.lptid00191.0300.nc,2000-08-29T09:00:00,1.7619712242300665,1820.1746,2000,8,191.03
20,/home/orca/bkerns/projects/mjo_lpt_and_ar/tracking/lpt-python-public/ar.testing7.merge_split/data/ar/g0_0h/thresh1/systems/2000060100_2001063023/lpt_system_mask_ar.lptid00191.0700.nc,2000-09-05T23:00:00,0.9471594654124506,1539.51,2000,9,191.07
21,/home/orca/bkerns/projects/mjo_lpt_and_ar/tracking/lpt-python-public/ar.testing7.merge_split/data/ar/g0_0h/thresh1/systems/2000060100_2001063023/lpt_system_mask_ar.lptid00324.0400.nc,2000-10-28T04:00:00,0.9502312183956144,1222.3932,2000,10,324.04
22,/home/orca/bkerns/projects/mjo_lpt_and_ar/tracking/lpt-python-public/ar.testing7.merge_split/data/ar/g0_0h/thresh1/systems/2000060100_2001063023/lpt_system_mask_ar.lptid00324.0500.nc,2000-11-02T15:00:00,0.4210758509987342,1794.0442,2000,10,324.05
23,/home/orca/bkerns/projects/mjo_lpt_and_ar/tracking/lpt-python-public/ar.testing7.merge_split/data/ar/g0_0h/thresh1/systems/2000060100_2001063023/lpt_system_mask_ar.lptid00458.8000.nc,2001-01-09T16:00:00,1.5180144309997559,1868.1846,2000,1,458.8
24,/home/orca/bkerns/projects/mjo_lpt_and_ar/tracking/lpt-python-public/ar.testing7.merge_split/data/ar/g0_0h/thresh1/systems/2000060100_2001063023/lpt_system_mask_ar.lptid00459.0000.nc,2001-01-10T16:00:00,1.792372465133667,730.10815,2000,1,459.0
25,/home/orca/bkerns/projects/mjo_lpt_and_ar/tracking/lpt-python-public/ar.testing7.merge_split/data/ar/g0_0h/thresh1/systems/2000060100_2001063023/lpt_system_mask_ar.lptid00488.3000.nc,2001-01-17T20:00:00,0.7126460671424866,2300.842,2000,1,488.3
26,/home/orca/bkerns/projects/mjo_lpt_and_ar/tracking/lpt-python-public/ar.testing7.merge_split/data/ar/g0_0h/thresh1/systems/2000060100_2001063023/lpt_system_mask_ar.lptid00613.3000.nc,2001-03-15T09:00:00,0.7875134944915771,2084.552,2000,3,613.3
27,/home/orca/bkerns/projects/mjo_lpt_and_ar/tracking/lpt-python-public/ar.testing7.merge_split/data/ar/g0_0h/thresh1/systems/2000060100_2001063023/lpt_system_mask_ar.lptid00613.7000.nc,2001-03-27T18:00:00,0.7797311544418335,1301.6266,2000,3,613.7
28,/home/orca/bkerns/projects/mjo_lpt_and_ar/tracking/lpt-python-public/ar.testing7.merge_split/data/ar/g0_0h/thresh1/systems/2000060100_2001063023/lpt_system_mask_ar.lptid00638.0100.nc,2001-04-05T20:00:00,0.6471730470657349,1439.8856,2000,3,638.01
29,/home/orca/bkerns/projects/mjo_lpt_and_ar/tracking/lpt-python-public/ar.testing7.merge_split/data/ar/g0_0h/thresh1/systems/2000060100_2001063023/lpt_system_mask_ar.lptid00638.1000.nc,2001-05-04T20:00:00,0.32710790634155273,1206.4481,2000,5,638.1
30,/home/orca/bkerns/projects/mjo_lpt_and_ar/tracking/lpt-python-public/ar.testing7.merge_split/data/ar/g0_0h/thresh1/systems/2000060100_2001063023/lpt_system_mask_ar.lptid00638.1100.nc,2001-05-08T01:00:00,0.15906983613967896,818.1314,2000,5,638.11
31,/home/orca/bkerns/projects/mjo_lpt_and_ar/tracking/lpt-python-public/ar.testing7.merge_split/data/ar/g0_0h/thresh1/systems/2000060100_2001063023/lpt_system_mask_ar.lptid00643.1000.nc,2001-03-24T14:00:00,0.8939362168312073,803.2451,2000,3,643.1
32,/home/orca/bkerns/projects/mjo_lpt_and_ar/tracking/lpt-python-public/ar.testing7.merge_split/data/ar/g0_0h/thresh1/systems/2000060100_2001063023/lpt_system_mask_ar.lptid00737.1000.nc,2001-05-14T07:00:00,0.7189473509788513,1273.4126,2000,5,737.1
33,/home/orca/bkerns/projects/mjo_lpt_and_ar/tracking/lpt-python-public/ar.testing7.merge_split/data/ar/g0_0h/thresh1/systems/2000060100_2001063023/lpt_system_mask_ar.lptid00737.3000.nc,2001-05-19T09:00:00,0.611019492149353,1310.068,2000,5,737.3
34,/home/orca/bkerns/projects/mjo_lpt_and_ar/tracking/lpt-python-public/ar.testing7.merge_split/data/ar/g0_0h/thresh1/systems/2000060100_2001063023/lpt_system_mask_ar.lptid00765.1000.nc,2001-05-30T12:00:00,0.7691438794136047,1618.8456,2000,5,765.1
35,/home/orca/bkerns/projects/mjo_lpt_and_ar/tracking/lpt-python-public/ar.testing7.merge_split/data/ar/g0_0h/thresh1/systems/2000060100_2001063023/lpt_system_mask_ar.lptid00772.2000.nc,2001-06-05T13:00:00,0.5976404547691345,1610.2524,2000,6,772.2
36,/home/orca/bkerns/projects/mjo_lpt_and_ar/tracking/lpt-python-public/ar.testing7.merge_split/data/ar/g0_0h/thresh1/systems/2000060100_2001063023/lpt_system_mask_ar.lptid00772.4000.nc,2001-06-10T10:00:00,0.9925394058227539,1321.6904,2000,6,772.4
37,/home/orca/bkerns/projects/mjo_lpt_and_ar/tracking/lpt-python-public/ar.testing7.merge_split/data/ar/g0_0h/thresh1/systems/2001060100_2002063023/lpt_system_mask_ar.lptid00001.1000.nc,2001-06-01T00:00:00,0.7691438794136047,435.98846,2001,6,1.1
38,/home/orca/bkerns/projects/mjo_lpt_and_ar/tracking/lpt-python-public/ar.testing7.merge_split/data/ar/g0_0h/thresh1/systems/2001060100_2002063023/lpt_system_mask_ar.lptid00002.2000.nc,2001-06-05T13:00:00,0.5976404547691345,1610.2524,2001,6,2.2
39,/home/orca/bkerns/projects/mjo_lpt_and_ar/tracking/lpt-python-public/ar.testing7.merge_split/data/ar/g0_0h/thresh1/systems/2001060100_2002063023/lpt_system_mask_ar.lptid00002.3000.nc,2001-06-10T10:00:00,0.9925394058227539,1321.6904,2001,6,2.3
40,/home/orca/bkerns/projects/mjo_lpt_and_ar/tracking/lpt-python-public/ar.testing7.merge_split/data/ar/g0_0h/thresh1/systems/2001060100_2002063023/lpt_system_mask_ar.lptid00071.1100.nc,2001-07-27T23:00:00,0.6892291903495789,1388.4607,2001,7,71.11
41,/home/orca/bkerns/projects/mjo_lpt_and_ar/tracking/lpt-python-public/ar.testing7.merge_split/data/ar/g0_0h/thresh1/systems/2001060100_2002063023/lpt_system_mask_ar.lptid00071.1300.nc,2001-08-02T11:00:00,0.6892291903495789,3187.4207,2001,8,71.13
42,/home/orca/bkerns/projects/mjo_lpt_and_ar/tracking/lpt-python-public/ar.testing7.merge_split/data/ar/g0_0h/thresh1/systems/2001060100_2002063023/lpt_system_mask_ar.lptid00071.2000.nc,2001-08-21T06:00:00,0.7921507358551025,1019.0837,2001,8,71.2
43,/home/orca/bkerns/projects/mjo_lpt_and_ar/tracking/lpt-python-public/ar.testing7.merge_split/data/ar/g0_0h/thresh1/systems/2001060100_2002063023/lpt_system_mask_ar.lptid00071.2200.nc,2001-08-27T18:00:00,0.10639523714780807,1190.0664,2001,8,71.22
44,/home/orca/bkerns/projects/mjo_lpt_and_ar/tracking/lpt-python-public/ar.testing7.merge_split/data/ar/g0_0h/thresh1/systems/2001060100_2002063023/lpt_system_mask_ar.lptid00071.2300.nc,2001-08-27T21:00:00,0.4006645977497101,1218.7217,2001,8,71.23
45,/home/orca/bkerns/projects/mjo_lpt_and_ar/tracking/lpt-python-public/ar.testing7.merge_split/data/ar/g0_0h/thresh1/systems/2001060100_2002063023/lpt_system_mask_ar.lptid00071.2700.nc,2001-09-03T05:00:00,0.4108079969882965,956.2477,2001,9,71.27
46,/home/orca/bkerns/projects/mjo_lpt_and_ar/tracking/lpt-python-public/ar.testing7.merge_split/data/ar/g0_0h/thresh1/systems/2001060100_2002063023/lpt_system_mask_ar.lptid00215.1000.nc,2001-09-13T19:00:00,0.8022441267967224,1536.1504,2001,9,215.1
47,/home/orca/bkerns/projects/mjo_lpt_and_ar/tracking/lpt-python-public/ar.testing7.merge_split/data/ar/g0_0h/thresh1/systems/2001060100_2002063023/lpt_system_mask_ar.lptid00541.2000.nc,2002-02-27T16:00:00,0.34925371408462524,1275.5591,2001,2,541.2
48,/home/orca/bkerns/projects/mjo_lpt_and_ar/tracking/lpt-python-public/ar.testing7.merge_split/data/ar/g0_0h/thresh1/systems/2001060100_2002063023/lpt_system_mask_ar.lptid00551.1000.nc,2002-03-09T18:00:00,1.083451509475708,1154.8966,2001,3,551.1
49,/home/orca/bkerns/projects/mjo_lpt_and_ar/tracking/lpt-python-public/ar.testing7.merge_split/data/ar/g0_0h/thresh1/systems/2001060100_2002063023/lpt_system_mask_ar.lptid00566.1000.nc,2002-03-11T05:00:00,1.0209901332855225,1615.1396,2001,3,566.1
50,/home/orca/bkerns/projects/mjo_lpt_and_ar/tracking/lpt-python-public/ar.testing7.merge_split/data/ar/g0_0h/thresh1/systems/2001060100_2002063023/lpt_system_mask_ar.lptid00571.1000.nc,2002-03-06T16:00:00,0.6544443964958191,598.2894,2001,3,571.1
51,/home/orca/bkerns/projects/mjo_lpt_and_ar/tracking/lpt-python-public/ar.testing7.merge_split/data/ar/g0_0h/thresh1/systems/2001060100_2002063023/lpt_system_mask_ar.lptid00591.1000.nc,2002-04-01T00:00:00,0.3506372570991516,1483.3699,2001,3,591.1
52,/home/orca/bkerns/projects/mjo_lpt_and_ar/tracking/lpt-python-public/ar.testing7.merge_split/data/ar/g0_0h/thresh1/systems/2001060100_2002063023/lpt_system_mask_ar.lptid00591.4000.nc,2002-04-01T06:00:00,0.6255872845649719,853.16156,2001,4,591.4
53,/home/orca/bkerns/projects/mjo_lpt_and_ar/tracking/lpt-python-public/ar.testing7.merge_split/data/ar/g0_0h/thresh1/systems/2001060100_2002063023/lpt_system_mask_ar.lptid00699.3000.nc,2002-05-29T09:00:00,0.843060314655304,436.15863,2001,5,699.3
54,/home/orca/bkerns/projects/mjo_lpt_and_ar/tracking/lpt-python-public/ar.testing7.merge_split/data/ar/g0_0h/thresh1/systems/2005060100_2006063023/lpt_system_mask_ar.lptid00003.1000.nc,2005-06-08T06:00:00,1.0349857807159424,2584.062,2005,6,3.1
55,/home/orca/bkerns/projects/mjo_lpt_and_ar/tracking/lpt-python-public/ar.testing7.merge_split/data/ar/g0_0h/thresh1/systems/2005060100_2006063023/lpt_system_mask_ar.lptid00027.1000.nc,2005-06-16T09:00:00,1.4853349924087524,2107.8103,2005,6,27.1
56,/home/orca/bkerns/projects/mjo_lpt_and_ar/tracking/lpt-python-public/ar.testing7.merge_split/data/ar/g0_0h/thresh1/systems/2005060100_2006063023/lpt_system_mask_ar.lptid00027.2000.nc,2005-06-16T16:00:00,1.4853349924087524,659.67053,2005,6,27.2
57,/home/orca/bkerns/projects/mjo_lpt_and_ar/tracking/lpt-python-public/ar.testing7.merge_split/data/ar/g0_0h/thresh1/systems/2005060100_2006063023/lpt_system_mask_ar.lptid00071.1000.nc,2005-07-05T17:00:00,0.6044238805770874,1820.63,2005,7,71.1
58,/home/orca/bkerns/projects/mjo_lpt_and_ar/tracking/lpt-python-public/ar.testing7.merge_split/data/ar/g0_0h/thresh1/systems/2005060100_2006063023/lpt_system_mask_ar.lptid00088.2000.nc,2005-07-15T12:00:00,0.6121651530265808,1710.9474,2005,7,88.2
59,/home/orca/bkerns/projects/mjo_lpt_and_ar/tracking/lpt-python-public/ar.testing7.merge_split/data/ar/g0_0h/thresh1/systems/2005060100_2006063023/lpt_system_mask_ar.lptid00207.1800.nc,2005-10-25T18:00:00,0.9272729158401489,1223.3768,2005,10,207.18
60,/home/orca/bkerns/projects/mjo_lpt_and_ar/tracking/lpt-python-public/ar.testing7.merge_split/data/ar/g0_0h/thresh1/systems/2005060100_2006063023/lpt_system_mask_ar.lptid00207.2000.nc,2005-10-27T19:00:00,1.4239120483398438,1318.2042,2005,10,207.2
61,/home/orca/bkerns/projects/mjo_lpt_and_ar/tracking/lpt-python-public/ar.testing7.merge_split/data/ar/g0_0h/thresh1/systems/2005060100_2006063023/lpt_system_mask_ar.lptid00207.2100.nc,2005-11-03T11:00:00,2.144010305404663,1602.5054,2005,11,207.21
62,/home/orca/bkerns/projects/mjo_lpt_and_ar/tracking/lpt-python-public/ar.testing7.merge_split/data/ar/g0_0h/thresh1/systems/2005060100_2006063023/lpt_system_mask_ar.lptid00601.1000.nc,2006-03-24T22:00:00,1.5046051740646362,723.16864,2005,3,601.1
63,/home/orca/bkerns/projects/mjo_lpt_and_ar/tracking/lpt-python-public/ar.testing7.merge_split/data/ar/g0_0h/thresh1/systems/2005060100_2006063023/lpt_system_mask_ar.lptid00628.1000.nc,2006-04-03T00:00:00,2.1127851009368896,700.9086,2005,4,628.1
64,/home/orca/bkerns/projects/mjo_lpt_and_ar/tracking/lpt-python-public/ar.testing7.merge_split/data/ar/g0_0h/thresh1/systems/2005060100_2006063023/lpt_system_mask_ar.lptid00636.1000.nc,2006-04-07T22:00:00,1.2916845083236694,585.2057,2005,4,636.1
65,/home/orca/bkerns/projects/mjo_lpt_and_ar/tracking/lpt-python-public/ar.testing7.merge_split/data/ar/g0_0h/thresh1/systems/2005060100_2006063023/lpt_system_mask_ar.lptid00701.6000.nc,2006-05-31T17:00:00,1.1486462354660034,1391.6075,2005,6,701.6
66,/home/orca/bkerns/projects/mjo_lpt_and_ar/tracking/lpt-python-public/ar.testing7.merge_split/data/ar/g0_0h/thresh1/systems/2007060100_2008063023/lpt_system_mask_ar.lptid00105.5000.nc,2007-08-12T04:00:00,0.248475581407547,667.78296,2007,8,105.5
67,/home/orca/bkerns/projects/mjo_lpt_and_ar/tracking/lpt-python-public/ar.testing7.merge_split/data/ar/g0_0h/thresh1/systems/2007060100_2008063023/lpt_system_mask_ar.lptid00152.1000.nc,2007-08-19T07:00:00,0.48808497190475464,1923.0538,2007,8,152.1
68,/home/orca/bkerns/projects/mjo_lpt_and_ar/tracking/lpt-python-public/ar.testing7.merge_split/data/ar/g0_0h/thresh1/systems/2007060100_2008063023/lpt_system_mask_ar.lptid00152.4000.nc,2007-09-03T21:00:00,0.8286389708518982,1573.4564,2007,8,152.4
69,/home/orca/bkerns/projects/mjo_lpt_and_ar/tracking/lpt-python-public/ar.testing7.merge_split/data/ar/g0_0h/thresh1/systems/2007060100_2008063023/lpt_system_mask_ar.lptid00152.8000.nc,2007-09-06T02:00:00,0.5771024227142334,1319.0789,2007,9,152.8
70,/home/orca/bkerns/projects/mjo_lpt_and_ar/tracking/lpt-python-public/ar.testing7.merge_split/data/ar/g0_0h/thresh1/systems/2007060100_2008063023/lpt_system_mask_ar.lptid00153.0000.nc,2007-09-20T12:00:00,2.3088064193725586,2005.9514,2007,9,153.0
71,/home/orca/bkerns/projects/mjo_lpt_and_ar/tracking/lpt-python-public/ar.testing7.merge_split/data/ar/g0_0h/thresh1/systems/2007060100_2008063023/lpt_system_mask_ar.lptid00211.1000.nc,2007-09-21T07:00:00,2.3088064193725586,818.4855,2007,9,211.1
72,/home/orca/bkerns/projects/mjo_lpt_and_ar/tracking/lpt-python-public/ar.testing7.merge_split/data/ar/g0_0h/thresh1/systems/2007060100_2008063023/lpt_system_mask_ar.lptid00217.1000.nc,2007-09-30T00:00:00,1.1037533283233643,1881.3062,2007,9,217.1
73,/home/orca/bkerns/projects/mjo_lpt_and_ar/tracking/lpt-python-public/ar.testing7.merge_split/data/ar/g0_0h/thresh1/systems/2007060100_2008063023/lpt_system_mask_ar.lptid00231.1000.nc,2007-10-06T09:00:00,0.5912766456604004,1839.5332,2007,10,231.1
74,/home/orca/bkerns/projects/mjo_lpt_and_ar/tracking/lpt-python-public/ar.testing7.merge_split/data/ar/g0_0h/thresh1/systems/2007060100_2008063023/lpt_system_mask_ar.lptid00231.2000.nc,2007-10-16T16:00:00,2.1332483291625977,1887.4634,2007,10,231.2
75,/home/orca/bkerns/projects/mjo_lpt_and_ar/tracking/lpt-python-public/ar.testing7.merge_split/data/ar/g0_0h/thresh1/systems/2007060100_2008063023/lpt_system_mask_ar.lptid00231.3000.nc,2007-10-08T09:00:00,0.6563916802406311,1666.2863,2007,10,231.3
76,/home/orca/bkerns/projects/mjo_lpt_and_ar/tracking/lpt-python-public/ar.testing7.merge_split/data/ar/g0_0h/thresh1/systems/2007060100_2008063023/lpt_system_mask_ar.lptid00264.1000.nc,2007-10-21T22:00:00,0.7063000798225403,1935.2689,2007,10,264.1
77,/home/orca/bkerns/projects/mjo_lpt_and_ar/tracking/lpt-python-public/ar.testing7.merge_split/data/ar/g0_0h/thresh1/systems/2007060100_2008063023/lpt_system_mask_ar.lptid00267.0200.nc,2007-10-29T07:00:00,0.7365270853042603,1256.5311,2007,10,267.02
78,/home/orca/bkerns/projects/mjo_lpt_and_ar/tracking/lpt-python-public/ar.testing7.merge_split/data/ar/g0_0h/thresh1/systems/2007060100_2008063023/lpt_system_mask_ar.lptid00267.0300.nc,2007-10-31T22:00:00,0.6129409074783325,2774.6938,2007,10,267.03
79,/home/orca/bkerns/projects/mjo_lpt_and_ar/tracking/lpt-python-public/ar.testing7.merge_split/data/ar/g0_0h/thresh1/systems/2007060100_2008063023/lpt_system_mask_ar.lptid00267.0400.nc,2007-11-03T03:00:00,0.4876481592655182,1029.1803,2007,11,267.04
80,/home/orca/bkerns/projects/mjo_lpt_and_ar/tracking/lpt-python-public/ar.testing7.merge_split/data/ar/g0_0h/thresh1/systems/2007060100_2008063023/lpt_system_mask_ar.lptid00267.0500.nc,2007-11-08T12:00:00,1.7236974239349365,1858.0261,2007,11,267.05
81,/home/orca/bkerns/projects/mjo_lpt_and_ar/tracking/lpt-python-public/ar.testing7.merge_split/data/ar/g0_0h/thresh1/systems/2007060100_2008063023/lpt_system_mask_ar.lptid00267.0600.nc,2007-11-15T17:00:00,1.7236974239349365,2000.28,2007,11,267.06
82,/home/orca/bkerns/projects/mjo_lpt_and_ar/tracking/lpt-python-public/ar.testing7.merge_split/data/ar/g0_0h/thresh1/systems/2007060100_2008063023/lpt_system_mask_ar.lptid00267.1000.nc,2007-11-28T22:00:00,2.4701807498931885,1786.6638,2007,11,267.1
83,/home/orca/bkerns/projects/mjo_lpt_and_ar/tracking/lpt-python-public/ar.testing7.merge_split/data/ar/g0_0h/thresh1/systems/2007060100_2008063023/lpt_system_mask_ar.lptid00267.1100.nc,2007-11-24T09:00:00,0.5616251826286316,1236.5011,2007,11,267.11
84,/home/orca/bkerns/projects/mjo_lpt_and_ar/tracking/lpt-python-public/ar.testing7.merge_split/data/ar/g0_0h/thresh1/systems/2007060100_2008063023/lpt_system_mask_ar.lptid00310.1000.nc,2007-11-11T08:00:00,0.8969947099685669,539.0131,2007,11,310.1
85,/home/orca/bkerns/projects/mjo_lpt_and_ar/tracking/lpt-python-public/ar.testing7.merge_split/data/ar/g0_0h/thresh1/systems/2007060100_2008063023/lpt_system_mask_ar.lptid00526.1000.nc,2008-03-07T22:00:00,0.515245258808136,1596.6335,2007,3,526.1
86,/home/orca/bkerns/projects/mjo_lpt_and_ar/tracking/lpt-python-public/ar.testing7.merge_split/data/ar/g0_0h/thresh1/systems/2007060100_2008063023/lpt_system_mask_ar.lptid00640.4000.nc,2008-05-13T00:00:00,0.6043628454208374,1747.045,2007,5,640.4
87,/home/orca/bkerns/projects/mjo_lpt_and_ar/tracking/lpt-python-public/ar.testing7.merge_split/data/ar/g0_0h/thresh1/systems/2007060100_2008063023/lpt_system_mask_ar.lptid00640.6000.nc,2008-05-19T19:00:00,0.6043628454208374,996.06006,2007,5,640.6
88,/home/orca/bkerns/projects/mjo_lpt_and_ar/tracking/lpt-python-public/ar.testing7.merge_split/data/ar/g0_0h/thresh1/systems/2007060100_2008063023/lpt_system_mask_ar.lptid00660.1000.nc,2008-05-11T22:00:00,0.5185552835464478,355.16647,2007,5,660.1
89,/home/orca/bkerns/projects/mjo_lpt_and_ar/tracking/lpt-python-public/ar.testing7.merge_split/data/ar/g0_0h/thresh1/systems/2010060100_2011063023/lpt_system_mask_ar.lptid00004.1000.nc,2010-06-02T00:00:00,1.9618163108825684,1903.059,2010,6,4.1
90,/home/orca/bkerns/projects/mjo_lpt_and_ar/tracking/lpt-python-public/ar.testing7.merge_split/data/ar/g0_0h/thresh1/systems/2010060100_2011063023/lpt_system_mask_ar.lptid00177.1000.nc,2010-09-12T03:00:00,0.5739379525184631,685.59625,2010,9,177.1
91,/home/orca/bkerns/projects/mjo_lpt_and_ar/tracking/lpt-python-public/ar.testing7.merge_split/data/ar/g0_0h/thresh1/systems/2010060100_2011063023/lpt_system_mask_ar.lptid00371.0900.nc,2011-01-12T22:00:00,1.0,946.10516,2010,1,371.09
92,/home/orca/bkerns/projects/mjo_lpt_and_ar/tracking/lpt-python-public/ar.testing7.merge_split/data/ar/g0_0h/thresh1/systems/2010060100_2011063023/lpt_system_mask_ar.lptid00371.1000.nc,2011-01-14T15:00:00,1.85890793800354,1956.1869,2010,1,371.1
93,/home/orca/bkerns/projects/mjo_lpt_and_ar/tracking/lpt-python-public/ar.testing7.merge_split/data/ar/g0_0h/thresh1/systems/2010060100_2011063023/lpt_system_mask_ar.lptid00371.1200.nc,2011-01-20T14:00:00,1.015686273574829,2126.4697,2010,1,371.12
94,/home/orca/bkerns/projects/mjo_lpt_and_ar/tracking/lpt-python-public/ar.testing7.merge_split/data/ar/g0_0h/thresh1/systems/2010060100_2011063023/lpt_system_mask_ar.lptid00440.1000.nc,2011-02-03T15:00:00,0.7238048315048218,1566.3413,2010,2,440.1
95,/home/orca/bkerns/projects/mjo_lpt_and_ar/tracking/lpt-python-public/ar.testing7.merge_split/data/ar/g0_0h/thresh1/systems/2006060100_2007063023/lpt_system_mask_ar.lptid00002.1000.nc,2006-06-01T08:00:00,1.1486462354660034,1201.5349,2006,6,2.1
96,/home/orca/bkerns/projects/mjo_lpt_and_ar/tracking/lpt-python-public/ar.testing7.merge_split/data/ar/g0_0h/thresh1/systems/2006060100_2007063023/lpt_system_mask_ar.lptid00208.1100.nc,2006-10-26T20:00:00,0.9296950697898865,1090.932,2006,10,208.11
97,/home/orca/bkerns/projects/mjo_lpt_and_ar/tracking/lpt-python-public/ar.testing7.merge_split/data/ar/g0_0h/thresh1/systems/2006060100_2007063023/lpt_system_mask_ar.lptid00282.1000.nc,2006-11-10T07:00:00,1.545127034187317,1707.6135,2006,11,282.1
98,/home/orca/bkerns/projects/mjo_lpt_and_ar/tracking/lpt-python-public/ar.testing7.merge_split/data/ar/g0_0h/thresh1/systems/2006060100_2007063023/lpt_system_mask_ar.lptid00282.2000.nc,2006-11-11T08:00:00,1.545127034187317,859.2,2006,11,282.2
99,/home/orca/bkerns/projects/mjo_lpt_and_ar/tracking/lpt-python-public/ar.testing7.merge_split/data/ar/g0_0h/thresh1/systems/2006060100_2007063023/lpt_system_mask_ar.lptid00514.7000.nc,2007-04-07T08:00:00,0.7368800044059753,703.3788,2006,4,514.7
100,/home/orca/bkerns/projects/mjo_lpt_and_ar/tracking/lpt-python-public/ar.testing7.merge_split/data/ar/g0_0h/thresh1/systems/2006060100_2007063023/lpt_system_mask_ar.lptid00536.1000.nc,2007-04-13T17:00:00,0.6633920669555664,1275.8475,2006,4,536.1
101,/home/orca/bkerns/projects/mjo_lpt_and_ar/tracking/lpt-python-public/ar.testing7.merge_split/data/ar/g0_0h/thresh1/systems/2006060100_2007063023/lpt_system_mask_ar.lptid00536.2000.nc,2007-04-16T15:00:00,0.7633498907089233,1667.9027,2006,4,536.2
102,/home/orca/bkerns/projects/mjo_lpt_and_ar/tracking/lpt-python-public/ar.testing7.merge_split/data/ar/g0_0h/thresh1/systems/2006060100_2007063023/lpt_system_mask_ar.lptid00536.5000.nc,2007-04-27T03:00:00,0.5242921113967896,1690.4576,2006,4,536.5
103,/home/orca/bkerns/projects/mjo_lpt_and_ar/tracking/lpt-python-public/ar.testing7.merge_split/data/ar/g0_0h/thresh1/systems/2006060100_2007063023/lpt_system_mask_ar.lptid00536.8000.nc,2007-04-30T23:00:00,0.4995666742324829,1368.0219,2006,4,536.8
104,/home/orca/bkerns/projects/mjo_lpt_and_ar/tracking/lpt-python-public/ar.testing7.merge_split/data/ar/g0_0h/thresh1/systems/2006060100_2007063023/lpt_system_mask_ar.lptid00553.1000.nc,2007-04-19T19:00:00,0.7973240613937378,505.1788,2006,4,553.1
105,/home/orca/bkerns/projects/mjo_lpt_and_ar/tracking/lpt-python-public/ar.testing7.merge_split/data/ar/g0_0h/thresh1/systems/2006060100_2007063023/lpt_system_mask_ar.lptid00611.6000.nc,2007-05-31T07:00:00,0.5782644748687744,1290.7047,2006,5,611.6
106,/home/orca/bkerns/projects/mjo_lpt_and_ar/tracking/lpt-python-public/ar.testing7.merge_split/data/ar/g0_0h/thresh1/systems/2009060100_2010063023/lpt_system_mask_ar.lptid00000.1000.nc,2009-06-18T23:00:00,1.3043642044067383,1806.0448,2009,6,0.1
107,/home/orca/bkerns/projects/mjo_lpt_and_ar/tracking/lpt-python-public/ar.testing7.merge_split/data/ar/g0_0h/thresh1/systems/2009060100_2010063023/lpt_system_mask_ar.lptid00000.4000.nc,2009-06-24T12:00:00,0.2639155387878418,1561.7566,2009,6,0.4
108,/home/orca/bkerns/projects/mjo_lpt_and_ar/tracking/lpt-python-public/ar.testing7.merge_split/data/ar/g0_0h/thresh1/systems/2009060100_2010063023/lpt_system_mask_ar.lptid00000.5000.nc,2009-06-27T19:00:00,0.6626049280166626,1272.8823,2009,6,0.5
109,/home/orca/bkerns/projects/mjo_lpt_and_ar/tracking/lpt-python-public/ar.testing7.merge_split/data/ar/g0_0h/thresh1/systems/2009060100_2010063023/lpt_system_mask_ar.lptid00093.0900.nc,2009-08-10T07:00:00,0.5604515671730042,1768.8988,2009,8,93.09
110,/home/orca/bkerns/projects/mjo_lpt_and_ar/tracking/lpt-python-public/ar.testing7.merge_split/data/ar/g0_0h/thresh1/systems/2009060100_2010063023/lpt_system_mask_ar.lptid00165.0200.nc,2009-08-25T06:00:00,0.21374185383319855,1001.5496,2009,8,165.02
111,/home/orca/bkerns/projects/mjo_lpt_and_ar/tracking/lpt-python-public/ar.testing7.merge_split/data/ar/g0_0h/thresh1/systems/2009060100_2010063023/lpt_system_mask_ar.lptid00165.0300.nc,2009-08-25T14:00:00,0.4916166067123413,2595.2764,2009,8,165.03
112,/home/orca/bkerns/projects/mjo_lpt_and_ar/tracking/lpt-python-public/ar.testing7.merge_split/data/ar/g0_0h/thresh1/systems/2009060100_2010063023/lpt_system_mask_ar.lptid00165.1100.nc,2009-09-04T07:00:00,0.7525789141654968,788.5751,2009,9,165.11
113,/home/orca/bkerns/projects/mjo_lpt_and_ar/tracking/lpt-python-public/ar.testing7.merge_split/data/ar/g0_0h/thresh1/systems/2009060100_2010063023/lpt_system_mask_ar.lptid00170.1000.nc,2009-08-21T22:00:00,0.8908700346946716,602.77606,2009,8,170.1
114,/home/orca/bkerns/projects/mjo_lpt_and_ar/tracking/lpt-python-public/ar.testing7.merge_split/data/ar/g0_0h/thresh1/systems/2009060100_2010063023/lpt_system_mask_ar.lptid00199.0500.nc,2009-09-26T05:00:00,0.1458083540201187,1002.7447,2009,9,199.05
115,/home/orca/bkerns/projects/mjo_lpt_and_ar/tracking/lpt-python-public/ar.testing7.merge_split/data/ar/g0_0h/thresh1/systems/2009060100_2010063023/lpt_system_mask_ar.lptid00199.0900.nc,2009-10-03T03:00:00,0.952874481678009,1351.5303,2009,10,199.09
116,/home/orca/bkerns/projects/mjo_lpt_and_ar/tracking/lpt-python-public/ar.testing7.merge_split/data/ar/g0_0h/thresh1/systems/2009060100_2010063023/lpt_system_mask_ar.lptid00199.1200.nc,2009-10-13T06:00:00,1.7301291227340698,1913.9161,2009,10,199.12
117,/home/orca/bkerns/projects/mjo_lpt_and_ar/tracking/lpt-python-public/ar.testing7.merge_split/data/ar/g0_0h/thresh1/systems/2009060100_2010063023/lpt_system_mask_ar.lptid00199.1600.nc,2009-10-21T08:00:00,0.8754133582115173,3641.1313,2009,10,199.16
118,/home/orca/bkerns/projects/mjo_lpt_and_ar/tracking/lpt-python-public/ar.testing7.merge_split/data/ar/g0_0h/thresh1/systems/2009060100_2010063023/lpt_system_mask_ar.lptid00258.1000.nc,2009-10-13T23:00:00,1.7091137170791626,782.93616,2009,10,258.1
119,/home/orca/bkerns/projects/mjo_lpt_and_ar/tracking/lpt-python-public/ar.testing7.merge_split/data/ar/g0_0h/thresh1/systems/2009060100_2010063023/lpt_system_mask_ar.lptid00614.2000.nc,2010-04-27T03:00:00,1.1451022624969482,842.0609,2009,4,614.2
120,/home/orca/bkerns/projects/mjo_lpt_and_ar/tracking/lpt-python-public/ar.testing7.merge_split/data/ar/g0_0h/thresh1/systems/2009060100_2010063023/lpt_system_mask_ar.lptid00647.6000.nc,2010-06-02T00:00:00,1.9618163108825684,1922.8108,2009,6,647.6
121,/home/orca/bkerns/projects/mjo_lpt_and_ar/tracking/lpt-python-public/ar.testing7.merge_split/data/ar/g0_0h/thresh1/systems/2009060100_2010063023/lpt_system_mask_ar.lptid00647.7000.nc,2010-05-27T01:00:00,1.6736253499984741,496.41898,2009,5,647.7
122,/home/orca/bkerns/projects/mjo_lpt_and_ar/tracking/lpt-python-public/ar.testing7.merge_split/data/ar/g0_0h/thresh1/systems/2008060100_2009063023/lpt_system_mask_ar.lptid00094.4000.nc,2008-08-10T07:00:00,0.6838163137435913,1213.472,2008,8,94.4
123,/home/orca/bkerns/projects/mjo_lpt_and_ar/tracking/lpt-python-public/ar.testing7.merge_split/data/ar/g0_0h/thresh1/systems/2008060100_2009063023/lpt_system_mask_ar.lptid00094.5000.nc,2008-08-08T21:00:00,0.8884289264678955,547.7221,2008,8,94.5
124,/home/orca/bkerns/projects/mjo_lpt_and_ar/tracking/lpt-python-public/ar.testing7.merge_split/data/ar/g0_0h/thresh1/systems/2008060100_2009063023/lpt_system_mask_ar.lptid00121.1000.nc,2008-07-26T21:00:00,1.0581345558166504,325.1941,2008,7,121.1
125,/home/orca/bkerns/projects/mjo_lpt_and_ar/tracking/lpt-python-public/ar.testing7.merge_split/data/ar/g0_0h/thresh1/systems/2008060100_2009063023/lpt_system_mask_ar.lptid00158.0200.nc,2008-08-24T06:00:00,0.9451390504837036,1441.5527,2008,8,158.02
126,/home/orca/bkerns/projects/mjo_lpt_and_ar/tracking/lpt-python-public/ar.testing7.merge_split/data/ar/g0_0h/thresh1/systems/2008060100_2009063023/lpt_system_mask_ar.lptid00158.1100.nc,2008-09-24T17:00:00,0.45592957735061646,655.56244,2008,9,158.11
127,/home/orca/bkerns/projects/mjo_lpt_and_ar/tracking/lpt-python-public/ar.testing7.merge_split/data/ar/g0_0h/thresh1/systems/2008060100_2009063023/lpt_system_mask_ar.lptid00468.5000.nc,2009-01-27T22:00:00,0.802424430847168,1086.9434,2008,1,468.5
128,/home/orca/bkerns/projects/mjo_lpt_and_ar/tracking/lpt-python-public/ar.testing7.merge_split/data/ar/g0_0h/thresh1/systems/2008060100_2009063023/lpt_system_mask_ar.lptid00488.4000.nc,2009-02-08T19:00:00,2.621122121810913,982.2234,2008,2,488.4
129,/home/orca/bkerns/projects/mjo_lpt_and_ar/tracking/lpt-python-public/ar.testing7.merge_split/data/ar/g0_0h/thresh1/systems/2008060100_2009063023/lpt_system_mask_ar.lptid00613.2000.nc,2009-04-17T01:00:00,0.3648104667663574,828.6406,2008,4,613.2
130,/home/orca/bkerns/projects/mjo_lpt_and_ar/tracking/lpt-python-public/ar.testing7.merge_split/data/ar/g0_0h/thresh1/systems/2008060100_2009063023/lpt_system_mask_ar.lptid00638.2000.nc,2009-05-01T18:00:00,0.9949443340301514,1838.4679,2008,4,638.2
131,/home/orca/bkerns/projects/mjo_lpt_and_ar/tracking/lpt-python-public/ar.testing7.merge_split/data/ar/g0_0h/thresh1/systems/2008060100_2009063023/lpt_system_mask_ar.lptid00638.6000.nc,2009-05-02T18:00:00,0.9949443340301514,1565.1039,2008,5,638.6
132,/home/orca/bkerns/projects/mjo_lpt_and_ar/tracking/lpt-python-public/ar.testing7.merge_split/data/ar/g0_0h/thresh1/systems/2008060100_2009063023/lpt_system_mask_ar.lptid00669.4000.nc,2009-05-13T20:00:00,0.3787152171134949,1204.6754,2008,5,669.4
133,/home/orca/bkerns/projects/mjo_lpt_and_ar/tracking/lpt-python-public/ar.testing7.merge_split/data/ar/g0_0h/thresh1/systems/2008060100_2009063023/lpt_system_mask_ar.lptid00695.3000.nc,2009-06-18T23:00:00,1.3043642044067383,1806.0448,2008,6,695.3
134,/home/orca/bkerns/projects/mjo_lpt_and_ar/tracking/lpt-python-public/ar.testing7.merge_split/data/ar/g0_0h/thresh1/systems/2008060100_2009063023/lpt_system_mask_ar.lptid00695.7000.nc,2009-06-24T12:00:00,0.2639155387878418,1561.7566,2008,6,695.7
135,/home/orca/bkerns/projects/mjo_lpt_and_ar/tracking/lpt-python-public/ar.testing7.merge_split/data/ar/g0_0h/thresh1/systems/2008060100_2009063023/lpt_system_mask_ar.lptid00695.8000.nc,2009-06-27T19:00:00,0.6051374077796936,1272.8823,2008,6,695.8
136,/home/orca/bkerns/projects/mjo_lpt_and_ar/tracking/lpt-python-public/ar.testing7.merge_split/data/ar/g0_0h/thresh1/systems/2002060100_2003063023/lpt_system_mask_ar.lptid00179.1000.nc,2002-09-01T00:00:00,0.5585931539535522,2222.4368,2002,9,179.1
137,/home/orca/bkerns/projects/mjo_lpt_and_ar/tracking/lpt-python-public/ar.testing7.merge_split/data/ar/g0_0h/thresh1/systems/2002060100_2003063023/lpt_system_mask_ar.lptid00273.4000.nc,2002-10-25T08:00:00,0.5213658809661865,1028.8408,2002,10,273.4
138,/home/orca/bkerns/projects/mjo_lpt_and_ar/tracking/lpt-python-public/ar.testing7.merge_split/data/ar/g0_0h/thresh1/systems/2012060100_2013063023/lpt_system_mask_ar.lptid00001.0500.nc,2012-06-14T16:00:00,0.6202172913556826,2045.8679,2012,6,1.05
139,/home/orca/bkerns/projects/mjo_lpt_and_ar/tracking/lpt-python-public/ar.testing7.merge_split/data/ar/g0_0h/thresh1/systems/2012060100_2013063023/lpt_system_mask_ar.lptid00001.0600.nc,2012-06-17T04:00:00,0.4823327647710913,1370.3357,2012,6,1.06
140,/home/orca/bkerns/projects/mjo_lpt_and_ar/tracking/lpt-python-public/ar.testing7.merge_split/data/ar/g0_0h/thresh1/systems/2012060100_2013063023/lpt_system_mask_ar.lptid00001.0700.nc,2012-06-28T19:00:00,0.6233539818236546,2565.6187,2012,6,1.07
141,/home/orca/bkerns/projects/mjo_lpt_and_ar/tracking/lpt-python-public/ar.testing7.merge_split/data/ar/g0_0h/thresh1/systems/2012060100_2013063023/lpt_system_mask_ar.lptid00001.0900.nc,2012-06-22T11:00:00,1.2964222507849505,628.5368,2012,6,1.09
142,/home/orca/bkerns/projects/mjo_lpt_and_ar/tracking/lpt-python-public/ar.testing7.merge_split/data/ar/g0_0h/thresh1/systems/2012060100_2013063023/lpt_system_mask_ar.lptid00001.1200.nc,2012-06-28T21:00:00,0.6233539818236546,575.1249,2012,6,1.12
143,/home/orca/bkerns/projects/mjo_lpt_and_ar/tracking/lpt-python-public/ar.testing7.merge_split/data/ar/g0_0h/thresh1/systems/2012060100_2013063023/lpt_system_mask_ar.lptid00001.1500.nc,2012-07-10T17:00:00,1.5329392685039096,994.8437,2012,7,1.15
144,/home/orca/bkerns/projects/mjo_lpt_and_ar/tracking/lpt-python-public/ar.testing7.merge_split/data/ar/g0_0h/thresh1/systems/2012060100_2013063023/lpt_system_mask_ar.lptid00090.1200.nc,2012-08-14T04:00:00,1.0296411952797733,1617.1196,2012,8,90.12
145,/home/orca/bkerns/projects/mjo_lpt_and_ar/tracking/lpt-python-public/ar.testing7.merge_split/data/ar/g0_0h/thresh1/systems/2012060100_2013063023/lpt_system_mask_ar.lptid00090.1300.nc,2012-08-15T04:00:00,0.6301711793517643,700.70935,2012,8,90.13
146,/home/orca/bkerns/projects/mjo_lpt_and_ar/tracking/lpt-python-public/ar.testing7.merge_split/data/ar/g0_0h/thresh1/systems/2012060100_2013063023/lpt_system_mask_ar.lptid00177.1000.nc,2012-08-26T18:00:00,0.17349698784137652,897.96295,2012,8,177.1
147,/home/orca/bkerns/projects/mjo_lpt_and_ar/tracking/lpt-python-public/ar.testing7.merge_split/data/ar/g0_0h/thresh1/systems/2012060100_2013063023/lpt_system_mask_ar.lptid00199.0800.nc,2012-09-22T21:00:00,0.6324685707251896,1759.0435,2012,9,199.08
148,/home/orca/bkerns/projects/mjo_lpt_and_ar/tracking/lpt-python-public/ar.testing7.merge_split/data/ar/g0_0h/thresh1/systems/2012060100_2013063023/lpt_system_mask_ar.lptid00199.1000.nc,2012-09-28T16:00:00,0.21905553983402615,2090.7402,2012,9,199.1
149,/home/orca/bkerns/projects/mjo_lpt_and_ar/tracking/lpt-python-public/ar.testing7.merge_split/data/ar/g0_0h/thresh1/systems/2012060100_2013063023/lpt_system_mask_ar.lptid00199.1300.nc,2012-10-12T10:00:00,1.160778476140659,1498.7688,2012,10,199.13
150,/home/orca/bkerns/projects/mjo_lpt_and_ar/tracking/lpt-python-public/ar.testing7.merge_split/data/ar/g0_0h/thresh1/systems/2012060100_2013063023/lpt_system_mask_ar.lptid00350.5000.nc,2012-11-23T03:00:00,1.0860362541212867,1310.1235,2012,11,350.5
151,/home/orca/bkerns/projects/mjo_lpt_and_ar/tracking/lpt-python-public/ar.testing7.merge_split/data/ar/g0_0h/thresh1/systems/2012060100_2013063023/lpt_system_mask_ar.lptid00383.1000.nc,2012-11-29T04:00:00,3.7551681683927467,1543.9058,2012,11,383.1
152,/home/orca/bkerns/projects/mjo_lpt_and_ar/tracking/lpt-python-public/ar.testing7.merge_split/data/ar/g0_0h/thresh1/systems/2012060100_2013063023/lpt_system_mask_ar.lptid00388.1000.nc,2012-11-28T07:00:00,1.771168550057326,1063.9857,2012,11,388.1
153,/home/orca/bkerns/projects/mjo_lpt_and_ar/tracking/lpt-python-public/ar.testing7.merge_split/data/ar/g0_0h/thresh1/systems/2012060100_2013063023/lpt_system_mask_ar.lptid00414.1000.nc,2012-12-16T03:00:00,1.8295972744816158,1464.607,2012,12,414.1
154,/home/orca/bkerns/projects/mjo_lpt_and_ar/tracking/lpt-python-public/ar.testing7.merge_split/data/ar/g0_0h/thresh1/systems/2012060100_2013063023/lpt_system_mask_ar.lptid00637.1100.nc,2013-05-21T05:00:00,1.5859158039093018,806.4587,2012,5,637.11
155,/home/orca/bkerns/projects/mjo_lpt_and_ar/tracking/lpt-python-public/ar.testing7.merge_split/data/ar/g0_0h/thresh1/systems/2011060100_2012063023/lpt_system_mask_ar.lptid00588.3000.nc,2012-04-15T21:00:00,0.7627869606376974,1422.3705,2011,4,588.3
156,/home/orca/bkerns/projects/mjo_lpt_and_ar/tracking/lpt-python-public/ar.testing7.merge_split/data/ar/g0_0h/thresh1/systems/2011060100_2012063023/lpt_system_mask_ar.lptid00601.2000.nc,2012-04-19T12:00:00,1.3974652394145024,1378.0483,2011,4,601.2
157,/home/orca/bkerns/projects/mjo_lpt_and_ar/tracking/lpt-python-public/ar.testing7.merge_split/data/ar/g0_0h/thresh1/systems/2011060100_2012063023/lpt_system_mask_ar.lptid00601.4000.nc,2012-04-28T12:00:00,0.560975591497342,1563.3281,2011,4,601.4
158,/home/orca/bkerns/projects/mjo_lpt_and_ar/tracking/lpt-python-public/ar.testing7.merge_split/data/ar/g0_0h/thresh1/systems/2011060100_2012063023/lpt_system_mask_ar.lptid00601.5000.nc,2012-05-08T10:00:00,0.23544071785251658,977.6717,2011,5,601.5
159,/home/orca/bkerns/projects/mjo_lpt_and_ar/tracking/lpt-python-public/ar.testing7.merge_split/data/ar/g0_0h/thresh1/systems/2011060100_2012063023/lpt_system_mask_ar.lptid00639.0400.nc,2012-05-20T22:00:00,0.9373311767808372,1901.961,2011,5,639.04
160,/home/orca/bkerns/projects/mjo_lpt_and_ar/tracking/lpt-python-public/ar.testing7.merge_split/data/ar/g0_0h/thresh1/systems/2011060100_2012063023/lpt_system_mask_ar.lptid00639.1100.nc,2012-06-14T16:00:00,0.6202172913556826,2045.8679,2011,6,639.11
161,/home/orca/bkerns/projects/mjo_lpt_and_ar/tracking/lpt-python-public/ar.testing7.merge_split/data/ar/g0_0h/thresh1/systems/2011060100_2012063023/lpt_system_mask_ar.lptid00639.1200.nc,2012-06-17T04:00:00,0.4823327647710913,1370.3357,2011,6,639.12
162,/home/orca/bkerns/projects/mjo_lpt_and_ar/tracking/lpt-python-public/ar.testing7.merge_split/data/ar/g0_0h/thresh1/systems/2011060100_2012063023/lpt_system_mask_ar.lptid00639.1300.nc,2012-06-28T19:00:00,0.6233539818236546,2565.6187,2011,6,639.13
163,/home/orca/bkerns/projects/mjo_lpt_and_ar/tracking/lpt-python-public/ar.testing7.merge_split/data/ar/g0_0h/thresh1/systems/2011060100_2012063023/lpt_system_mask_ar.lptid00639.1500.nc,2012-06-22T11:00:00,1.2964222507849505,628.5368,2011,6,639.15
164,/home/orca/bkerns/projects/mjo_lpt_and_ar/tracking/lpt-python-public/ar.testing7.merge_split/data/ar/g0_0h/thresh1/systems/2011060100_2012063023/lpt_system_mask_ar.lptid00639.1700.nc,2012-06-28T21:00:00,0.6233539818236546,575.1249,2011,6,639.17
165,/home/orca/bkerns/projects/mjo_lpt_and_ar/tracking/lpt-python-public/ar.testing7.merge_split/data/ar/g0_0h/thresh1/systems/2014060100_2015063023/lpt_system_mask_ar.lptid00003.4000.nc,2014-06-25T08:00:00,1.2610201835632324,2090.2637,2014,6,3.4
166,/home/orca/bkerns/projects/mjo_lpt_and_ar/tracking/lpt-python-public/ar.testing7.merge_split/data/ar/g0_0h/thresh1/systems/2014060100_2015063023/lpt_system_mask_ar.lptid00097.1000.nc,2014-07-15T15:00:00,0.513311505317688,464.8827,2014,7,97.1
167,/home/orca/bkerns/projects/mjo_lpt_and_ar/tracking/lpt-python-public/ar.testing7.merge_split/data/ar/g0_0h/thresh1/systems/2014060100_2015063023/lpt_system_mask_ar.lptid00196.1000.nc,2014-09-09T00:00:00,1.0,1399.157,2014,9,196.1
168,/home/orca/bkerns/projects/mjo_lpt_and_ar/tracking/lpt-python-public/ar.testing7.merge_split/data/ar/g0_0h/thresh1/systems/2014060100_2015063023/lpt_system_mask_ar.lptid00250.2000.nc,2014-10-17T05:00:00,0.5308961868286133,2295.37,2014,10,250.2
169,/home/orca/bkerns/projects/mjo_lpt_and_ar/tracking/lpt-python-public/ar.testing7.merge_split/data/ar/g0_0h/thresh1/systems/2014060100_2015063023/lpt_system_mask_ar.lptid00250.3000.nc,2014-10-13T13:00:00,0.8705465197563171,1200.3477,2014,10,250.3
170,/home/orca/bkerns/projects/mjo_lpt_and_ar/tracking/lpt-python-public/ar.testing7.merge_split/data/ar/g0_0h/thresh1/systems/2014060100_2015063023/lpt_system_mask_ar.lptid00250.4000.nc,2014-10-19T04:00:00,0.8744133710861206,1261.1879,2014,10,250.4
171,/home/orca/bkerns/projects/mjo_lpt_and_ar/tracking/lpt-python-public/ar.testing7.merge_split/data/ar/g0_0h/thresh1/systems/2014060100_2015063023/lpt_system_mask_ar.lptid00250.5000.nc,2014-10-20T02:00:00,1.4222996234893799,1479.5063,2014,10,250.5
172,/home/orca/bkerns/projects/mjo_lpt_and_ar/tracking/lpt-python-public/ar.testing7.merge_split/data/ar/g0_0h/thresh1/systems/2014060100_2015063023/lpt_system_mask_ar.lptid00255.1000.nc,2014-10-22T00:00:00,1.4222996234893799,2646.1938,2014,10,255.1
173,/home/orca/bkerns/projects/mjo_lpt_and_ar/tracking/lpt-python-public/ar.testing7.merge_split/data/ar/g0_0h/thresh1/systems/2014060100_2015063023/lpt_system_mask_ar.lptid00509.2000.nc,2015-03-25T15:00:00,0.7450784438560394,1253.357,2014,3,509.2
174,/home/orca/bkerns/projects/mjo_lpt_and_ar/tracking/lpt-python-public/ar.testing7.merge_split/data/ar/g0_0h/thresh1/systems/2014060100_2015063023/lpt_system_mask_ar.lptid00528.1000.nc,2015-03-29T12:00:00,0.48507454925751686,1105.6743,2014,3,528.1
175,/home/orca/bkerns/projects/mjo_lpt_and_ar/tracking/lpt-python-public/ar.testing7.merge_split/data/ar/g0_0h/thresh1/systems/2014060100_2015063023/lpt_system_mask_ar.lptid00553.1000.nc,2015-04-03T11:00:00,1.2172938020621569,291.29605,2014,4,553.1
176,/home/orca/bkerns/projects/mjo_lpt_and_ar/tracking/lpt-python-public/ar.testing7.merge_split/data/ar/g0_0h/thresh1/systems/2013060100_2014063023/lpt_system_mask_ar.lptid00066.1400.nc,2013-08-17T04:00:00,0.9823572635650635,1646.0951,2013,8,66.14
177,/home/orca/bkerns/projects/mjo_lpt_and_ar/tracking/lpt-python-public/ar.testing7.merge_split/data/ar/g0_0h/thresh1/systems/2013060100_2014063023/lpt_system_mask_ar.lptid00066.1500.nc,2013-08-14T13:00:00,0.47760123014450073,1075.9167,2013,8,66.15
178,/home/orca/bkerns/projects/mjo_lpt_and_ar/tracking/lpt-python-public/ar.testing7.merge_split/data/ar/g0_0h/thresh1/systems/2013060100_2014063023/lpt_system_mask_ar.lptid00066.1600.nc,2013-08-19T09:00:00,1.1619365215301514,1448.4006,2013,8,66.16
179,/home/orca/bkerns/projects/mjo_lpt_and_ar/tracking/lpt-python-public/ar.testing7.merge_split/data/ar/g0_0h/thresh1/systems/2013060100_2014063023/lpt_system_mask_ar.lptid00092.1000.nc,2013-07-21T02:00:00,0.7263184785842896,444.5396,2013,7,92.1
180,/home/orca/bkerns/projects/mjo_lpt_and_ar/tracking/lpt-python-public/ar.testing7.merge_split/data/ar/g0_0h/thresh1/systems/2013060100_2014063023/lpt_system_mask_ar.lptid00128.0500.nc,2013-09-09T08:00:00,0.7997018098831177,2318.11,2013,9,128.05
181,/home/orca/bkerns/projects/mjo_lpt_and_ar/tracking/lpt-python-public/ar.testing7.merge_split/data/ar/g0_0h/thresh1/systems/2013060100_2014063023/lpt_system_mask_ar.lptid00128.0900.nc,2013-09-22T15:00:00,0.50216144323349,3011.1438,2013,9,128.09
182,/home/orca/bkerns/projects/mjo_lpt_and_ar/tracking/lpt-python-public/ar.testing7.merge_split/data/ar/g0_0h/thresh1/systems/2013060100_2014063023/lpt_system_mask_ar.lptid00128.1100.nc,2013-09-20T12:00:00,0.6954456567764282,1373.7136,2013,9,128.11
183,/home/orca/bkerns/projects/mjo_lpt_and_ar/tracking/lpt-python-public/ar.testing7.merge_split/data/ar/g0_0h/thresh1/systems/2013060100_2014063023/lpt_system_mask_ar.lptid00128.1200.nc,2013-09-27T13:00:00,0.9740782380104065,1671.857,2013,9,128.12
184,/home/orca/bkerns/projects/mjo_lpt_and_ar/tracking/lpt-python-public/ar.testing7.merge_split/data/ar/g0_0h/thresh1/systems/2013060100_2014063023/lpt_system_mask_ar.lptid00128.1300.nc,2013-09-27T19:00:00,1.1275043487548828,3363.4988,2013,9,128.13
185,/home/orca/bkerns/projects/mjo_lpt_and_ar/tracking/lpt-python-public/ar.testing7.merge_split/data/ar/g0_0h/thresh1/systems/2013060100_2014063023/lpt_system_mask_ar.lptid00204.1000.nc,2013-10-07T01:00:00,0.7046720385551453,1426.6254,2013,10,204.1
186,/home/orca/bkerns/projects/mjo_lpt_and_ar/tracking/lpt-python-public/ar.testing7.merge_split/data/ar/g0_0h/thresh1/systems/2013060100_2014063023/lpt_system_mask_ar.lptid00542.0500.nc,2014-05-09T01:00:00,0.6094972491264343,1444.5718,2013,5,542.05
187,/home/orca/bkerns/projects/mjo_lpt_and_ar/tracking/lpt-python-public/ar.testing7.merge_split/data/ar/g0_0h/thresh1/systems/2013060100_2014063023/lpt_system_mask_ar.lptid00646.5000.nc,2014-06-25T08:00:00,1.2610201835632324,2090.2637,2013,6,646.5
188,/home/orca/bkerns/projects/mjo_lpt_and_ar/tracking/lpt-python-public/ar.testing7.merge_split/data/ar/g0_0h/thresh1/systems/2017060100_2018063023/lpt_system_mask_ar.lptid00229.5000.nc,2017-10-21T08:00:00,1.933748957826752,2777.5327,2017,10,229.5
189,/home/orca/bkerns/projects/mjo_lpt_and_ar/tracking/lpt-python-public/ar.testing7.merge_split/data/ar/g0_0h/thresh1/systems/2017060100_2018063023/lpt_system_mask_ar.lptid00229.8000.nc,2017-11-01T03:00:00,0.6545340117692452,1924.5599,2017,10,229.8
190,/home/orca/bkerns/projects/mjo_lpt_and_ar/tracking/lpt-python-public/ar.testing7.merge_split/data/ar/g0_0h/thresh1/systems/2017060100_2018063023/lpt_system_mask_ar.lptid00292.1000.nc,2017-11-08T08:00:00,1.2963219870180396,1321.5991,2017,11,292.1
191,/home/orca/bkerns/projects/mjo_lpt_and_ar/tracking/lpt-python-public/ar.testing7.merge_split/data/ar/g0_0h/thresh1/systems/2017060100_2018063023/lpt_system_mask_ar.lptid00616.2000.nc,2018-06-08T19:00:00,0.6832894695331702,1720.2096,2017,6,616.2
192,/home/orca/bkerns/projects/mjo_lpt_and_ar/tracking/lpt-python-public/ar.testing7.merge_split/data/ar/g0_0h/thresh1/systems/2017060100_2018063023/lpt_system_mask_ar.lptid00616.5000.nc,2018-06-13T07:00:00,0.33878532256949656,1585.5612,2017,6,616.5
193,/home/orca/bkerns/projects/mjo_lpt_and_ar/tracking/lpt-python-public/ar.testing7.merge_split/data/ar/g0_0h/thresh1/systems/2017060100_2018063023/lpt_system_mask_ar.lptid00661.4000.nc,2018-06-30T12:00:00,0.24661206319160914,2042.4786,2017,6,661.4
194,/home/orca/bkerns/projects/mjo_lpt_and_ar/tracking/lpt-python-public/ar.testing7.merge_split/data/ar/g0_0h/thresh1/systems/2020060100_2021063023/lpt_system_mask_ar.lptid00001.1000.nc,2020-06-09T01:00:00,1.8505198102849305,1276.64,2020,6,1.1
195,/home/orca/bkerns/projects/mjo_lpt_and_ar/tracking/lpt-python-public/ar.testing7.merge_split/data/ar/g0_0h/thresh1/systems/2020060100_2021063023/lpt_system_mask_ar.lptid00017.0200.nc,2020-06-15T00:00:00,1.7588429293802426,1821.5923,2020,6,17.02
196,/home/orca/bkerns/projects/mjo_lpt_and_ar/tracking/lpt-python-public/ar.testing7.merge_split/data/ar/g0_0h/thresh1/systems/2020060100_2021063023/lpt_system_mask_ar.lptid00017.0300.nc,2020-06-20T07:00:00,1.2777016751790995,1024.8815,2020,6,17.03
197,/home/orca/bkerns/projects/mjo_lpt_and_ar/tracking/lpt-python-public/ar.testing7.merge_split/data/ar/g0_0h/thresh1/systems/2020060100_2021063023/lpt_system_mask_ar.lptid00017.1100.nc,2020-07-11T18:00:00,0.13337836075626203,1663.4669,2020,7,17.11
198,/home/orca/bkerns/projects/mjo_lpt_and_ar/tracking/lpt-python-public/ar.testing7.merge_split/data/ar/g0_0h/thresh1/systems/2020060100_2021063023/lpt_system_mask_ar.lptid00017.2500.nc,2020-08-21T07:00:00,1.344929740535117,1675.2499,2020,8,17.25
199,/home/orca/bkerns/projects/mjo_lpt_and_ar/tracking/lpt-python-public/ar.testing7.merge_split/data/ar/g0_0h/thresh1/systems/2020060100_2021063023/lpt_system_mask_ar.lptid00336.2000.nc,2020-12-05T21:00:00,0.8418487579730101,1585.2554,2020,12,336.2
200,/home/orca/bkerns/projects/mjo_lpt_and_ar/tracking/lpt-python-public/ar.testing7.merge_split/data/ar/g0_0h/thresh1/systems/2020060100_2021063023/lpt_system_mask_ar.lptid00336.3000.nc,2020-12-07T07:00:00,1.022740653766546,2020.5911,2020,12,336.3
201,/home/orca/bkerns/projects/mjo_lpt_and_ar/tracking/lpt-python-public/ar.testing7.merge_split/data/ar/g0_0h/thresh1/systems/2020060100_2021063023/lpt_system_mask_ar.lptid00478.3000.nc,2021-03-14T10:00:00,1.5062155723571777,952.2427,2020,3,478.3
202,/home/orca/bkerns/projects/mjo_lpt_and_ar/tracking/lpt-python-public/ar.testing7.merge_split/data/ar/g0_0h/thresh1/systems/2020060100_2021063023/lpt_system_mask_ar.lptid00478.6000.nc,2021-03-24T12:00:00,0.7177234888076782,1206.8564,2020,3,478.6
203,/home/orca/bkerns/projects/mjo_lpt_and_ar/tracking/lpt-python-public/ar.testing7.merge_split/data/ar/g0_0h/thresh1/systems/2020060100_2021063023/lpt_system_mask_ar.lptid00511.1000.nc,2021-03-18T06:00:00,0.8308402895927429,660.00256,2020,3,511.1
204,/home/orca/bkerns/projects/mjo_lpt_and_ar/tracking/lpt-python-public/ar.testing7.merge_split/data/ar/g0_0h/thresh1/systems/2020060100_2021063023/lpt_system_mask_ar.lptid00595.1600.nc,2021-06-11T20:00:00,0.8355318307876587,1023.1513,2020,6,595.16
205,/home/orca/bkerns/projects/mjo_lpt_and_ar/tracking/lpt-python-public/ar.testing7.merge_split/data/ar/g0_0h/thresh1/systems/2020060100_2021063023/lpt_system_mask_ar.lptid00659.3000.nc,2021-06-19T10:00:00,1.9064255952835083,1207.1163,2020,6,659.3
206,/home/orca/bkerns/projects/mjo_lpt_and_ar/tracking/lpt-python-public/ar.testing7.merge_split/data/ar/g0_0h/thresh1/systems/2016060100_2017063023/lpt_system_mask_ar.lptid00001.1000.nc,2016-06-02T02:00:00,3.774316877686022,1541.6267,2016,6,1.1
207,/home/orca/bkerns/projects/mjo_lpt_and_ar/tracking/lpt-python-public/ar.testing7.merge_split/data/ar/g0_0h/thresh1/systems/2016060100_2017063023/lpt_system_mask_ar.lptid00176.0200.nc,2016-08-27T11:00:00,0.5411748360251878,1287.7579,2016,8,176.02
208,/home/orca/bkerns/projects/mjo_lpt_and_ar/tracking/lpt-python-public/ar.testing7.merge_split/data/ar/g0_0h/thresh1/systems/2016060100_2017063023/lpt_system_mask_ar.lptid00176.0600.nc,2016-09-02T12:00:00,1.5564597043614448,1462.6447,2016,9,176.06
209,/home/orca/bkerns/projects/mjo_lpt_and_ar/tracking/lpt-python-public/ar.testing7.merge_split/data/ar/g0_0h/thresh1/systems/2016060100_2017063023/lpt_system_mask_ar.lptid00176.1100.nc,2016-09-10T08:00:00,0.5887248878965327,1676.6545,2016,9,176.11
210,/home/orca/bkerns/projects/mjo_lpt_and_ar/tracking/lpt-python-public/ar.testing7.merge_split/data/ar/g0_0h/thresh1/systems/2016060100_2017063023/lpt_system_mask_ar.lptid00176.1200.nc,2016-09-17T01:00:00,0.784341880489868,2554.5913,2016,9,176.12
211,/home/orca/bkerns/projects/mjo_lpt_and_ar/tracking/lpt-python-public/ar.testing7.merge_split/data/ar/g0_0h/thresh1/systems/2016060100_2017063023/lpt_system_mask_ar.lptid00176.1300.nc,2016-09-23T10:00:00,0.5853206368132838,2111.915,2016,9,176.13
212,/home/orca/bkerns/projects/mjo_lpt_and_ar/tracking/lpt-python-public/ar.testing7.merge_split/data/ar/g0_0h/thresh1/systems/2016060100_2017063023/lpt_system_mask_ar.lptid00176.1600.nc,2016-10-03T15:00:00,0.7775015025581408,1722.0114,2016,10,176.16
213,/home/orca/bkerns/projects/mjo_lpt_and_ar/tracking/lpt-python-public/ar.testing7.merge_split/data/ar/g0_0h/thresh1/systems/2016060100_2017063023/lpt_system_mask_ar.lptid00176.2000.nc,2016-10-06T23:00:00,2.8696806363040737,2473.1406,2016,10,176.2
214,/home/orca/bkerns/projects/mjo_lpt_and_ar/tracking/lpt-python-public/ar.testing7.merge_split/data/ar/g0_0h/thresh1/systems/2016060100_2017063023/lpt_system_mask_ar.lptid00176.2100.nc,2016-10-10T21:00:00,1.4089629359552527,1860.4739,2016,10,176.21
215,/home/orca/bkerns/projects/mjo_lpt_and_ar/tracking/lpt-python-public/ar.testing7.merge_split/data/ar/g0_0h/thresh1/systems/2016060100_2017063023/lpt_system_mask_ar.lptid00176.2200.nc,2016-10-13T01:00:00,2.8696806363040737,2692.435,2016,10,176.22
216,/home/orca/bkerns/projects/mjo_lpt_and_ar/tracking/lpt-python-public/ar.testing7.merge_split/data/ar/g0_0h/thresh1/systems/2016060100_2017063023/lpt_system_mask_ar.lptid00176.2300.nc,2016-10-13T14:00:00,2.8696806363040737,1639.2043,2016,10,176.23
217,/home/orca/bkerns/projects/mjo_lpt_and_ar/tracking/lpt-python-public/ar.testing7.merge_split/data/ar/g0_0h/thresh1/systems/2016060100_2017063023/lpt_system_mask_ar.lptid00182.1000.nc,2016-08-20T10:00:00,1.0293609689773968,204.93289,2016,8,182.1
218,/home/orca/bkerns/projects/mjo_lpt_and_ar/tracking/lpt-python-public/ar.testing7.merge_split/data/ar/g0_0h/thresh1/systems/2016060100_2017063023/lpt_system_mask_ar.lptid00194.2000.nc,2016-08-30T19:00:00,0.5411748360251878,445.5495,2016,8,194.2
219,/home/orca/bkerns/projects/mjo_lpt_and_ar/tracking/lpt-python-public/ar.testing7.merge_split/data/ar/g0_0h/thresh1/systems/2016060100_2017063023/lpt_system_mask_ar.lptid00530.3000.nc,2017-03-08T23:00:00,0.9505589218083805,944.2742,2016,3,530.3
220,/home/orca/bkerns/projects/mjo_lpt_and_ar/tracking/lpt-python-public/ar.testing7.merge_split/data/ar/g0_0h/thresh1/systems/2016060100_2017063023/lpt_system_mask_ar.lptid00530.4000.nc,2017-03-10T21:00:00,1.3917003822544942,815.6664,2016,3,530.4
221,/home/orca/bkerns/projects/mjo_lpt_and_ar/tracking/lpt-python-public/ar.testing7.merge_split/data/ar/g0_0h/thresh1/systems/2016060100_2017063023/lpt_system_mask_ar.lptid00535.1000.nc,2017-02-27T10:00:00,1.4830410405727836,568.29333,2016,2,535.1
222,/home/orca/bkerns/projects/mjo_lpt_and_ar/tracking/lpt-python-public/ar.testing7.merge_split/data/ar/g0_0h/thresh1/systems/2016060100_2017063023/lpt_system_mask_ar.lptid00537.1000.nc,2017-03-03T17:00:00,0.8812935476589951,687.8258,2016,3,537.1
223,/home/orca/bkerns/projects/mjo_lpt_and_ar/tracking/lpt-python-public/ar.testing7.merge_split/data/ar/g0_0h/thresh1/systems/2016060100_2017063023/lpt_system_mask_ar.lptid00549.0300.nc,2017-03-13T08:00:00,1.8227297515646554,1056.4601,2016,3,549.03
224,/home/orca/bkerns/projects/mjo_lpt_and_ar/tracking/lpt-python-public/ar.testing7.merge_split/data/ar/g0_0h/thresh1/systems/2016060100_2017063023/lpt_system_mask_ar.lptid00622.1000.nc,2017-04-16T16:00:00,1.3513310410819253,1039.7999,2016,4,622.1
225,/home/orca/bkerns/projects/mjo_lpt_and_ar/tracking/lpt-python-public/ar.testing7.merge_split/data/ar/g0_0h/thresh1/systems/2016060100_2017063023/lpt_system_mask_ar.lptid00630.1000.nc,2017-04-24T07:00:00,1.127416407688525,2059.6453,2016,4,630.1
226,/home/orca/bkerns/projects/mjo_lpt_and_ar/tracking/lpt-python-public/ar.testing7.merge_split/data/ar/g0_0h/thresh1/systems/2016060100_2017063023/lpt_system_mask_ar.lptid00630.2000.nc,2017-04-22T10:00:00,1.127416407688525,1580.5769,2016,4,630.2
227,/home/orca/bkerns/projects/mjo_lpt_and_ar/tracking/lpt-python-public/ar.testing7.merge_split/data/ar/g0_0h/thresh1/systems/2016060100_2017063023/lpt_system_mask_ar.lptid00630.4000.nc,2017-05-01T22:00:00,1.081175606407416,1889.5197,2016,4,630.4
228,/home/orca/bkerns/projects/mjo_lpt_and_ar/tracking/lpt-python-public/ar.testing7.merge_split/data/ar/g0_0h/thresh1/systems/2016060100_2017063023/lpt_system_mask_ar.lptid00630.5000.nc,2017-04-28T00:00:00,0.49274838558279466,971.7812,2016,4,630.5
229,/home/orca/bkerns/projects/mjo_lpt_and_ar/tracking/lpt-python-public/ar.testing7.merge_split/data/ar/g0_0h/thresh1/systems/2016060100_2017063023/lpt_system_mask_ar.lptid00630.9000.nc,2017-05-11T03:00:00,0.7262734646073301,645.1613,2016,5,630.9
230,/home/orca/bkerns/projects/mjo_lpt_and_ar/tracking/lpt-python-public/ar.testing7.merge_split/data/ar/g0_0h/thresh1/systems/2016060100_2017063023/lpt_system_mask_ar.lptid00634.1000.nc,2017-04-18T10:00:00,1.2565604101576031,654.912,2016,4,634.1
231,/home/orca/bkerns/projects/mjo_lpt_and_ar/tracking/lpt-python-public/ar.testing7.merge_split/data/ar/g0_0h/thresh1/systems/2016060100_2017063023/lpt_system_mask_ar.lptid00663.3000.nc,2017-05-16T03:00:00,0.9420071546020201,1146.8495,2016,5,663.3
232,/home/orca/bkerns/projects/mjo_lpt_and_ar/tracking/lpt-python-public/ar.testing7.merge_split/data/ar/g0_0h/thresh1/systems/2015060100_2016063023/lpt_system_mask_ar.lptid00190.1100.nc,2015-10-07T03:00:00,0.6843648719563168,2562.2976,2015,10,190.11
233,/home/orca/bkerns/projects/mjo_lpt_and_ar/tracking/lpt-python-public/ar.testing7.merge_split/data/ar/g0_0h/thresh1/systems/2015060100_2016063023/lpt_system_mask_ar.lptid00260.1000.nc,2015-10-09T20:00:00,0.4068133615522187,377.1095,2015,10,260.1
234,/home/orca/bkerns/projects/mjo_lpt_and_ar/tracking/lpt-python-public/ar.testing7.merge_split/data/ar/g0_0h/thresh1/systems/2015060100_2016063023/lpt_system_mask_ar.lptid00264.1000.nc,2015-10-12T16:00:00,1.4381664998126191,1150.648,2015,10,264.1
235,/home/orca/bkerns/projects/mjo_lpt_and_ar/tracking/lpt-python-public/ar.testing7.merge_split/data/ar/g0_0h/thresh1/systems/2018060100_2019063023/lpt_system_mask_ar.lptid00001.1000.nc,2018-06-08T19:00:00,0.6832894695331702,1720.2096,2018,6,1.1
236,/home/orca/bkerns/projects/mjo_lpt_and_ar/tracking/lpt-python-public/ar.testing7.merge_split/data/ar/g0_0h/thresh1/systems/2018060100_2019063023/lpt_system_mask_ar.lptid00001.4000.nc,2018-06-13T07:00:00,0.33878532256949656,1585.5612,2018,6,1.4
237,/home/orca/bkerns/projects/mjo_lpt_and_ar/tracking/lpt-python-public/ar.testing7.merge_split/data/ar/g0_0h/thresh1/systems/2018060100_2019063023/lpt_system_mask_ar.lptid00047.1700.nc,2018-08-26T12:00:00,0.38200917502750825,2539.5063,2018,8,47.17
238,/home/orca/bkerns/projects/mjo_lpt_and_ar/tracking/lpt-python-public/ar.testing7.merge_split/data/ar/g0_0h/thresh1/systems/2018060100_2019063023/lpt_system_mask_ar.lptid00047.2100.nc,2018-09-03T02:00:00,0.9999999206428689,1670.6466,2018,9,47.21
239,/home/orca/bkerns/projects/mjo_lpt_and_ar/tracking/lpt-python-public/ar.testing7.merge_split/data/ar/g0_0h/thresh1/systems/2018060100_2019063023/lpt_system_mask_ar.lptid00203.4000.nc,2018-09-20T22:00:00,0.5754108447630086,916.5902,2018,9,203.4
240,/home/orca/bkerns/projects/mjo_lpt_and_ar/tracking/lpt-python-public/ar.testing7.merge_split/data/ar/g0_0h/thresh1/systems/2018060100_2019063023/lpt_system_mask_ar.lptid00206.1000.nc,2018-09-07T20:00:00,0.7723106021270731,689.02814,2018,9,206.1
241,/home/orca/bkerns/projects/mjo_lpt_and_ar/tracking/lpt-python-public/ar.testing7.merge_split/data/ar/g0_0h/thresh1/systems/2018060100_2019063023/lpt_system_mask_ar.lptid00231.1400.nc,2018-10-20T10:00:00,0.32099539946868655,1150.1062,2018,10,231.14
242,/home/orca/bkerns/projects/mjo_lpt_and_ar/tracking/lpt-python-public/ar.testing7.merge_split/data/ar/g0_0h/thresh1/systems/2018060100_2019063023/lpt_system_mask_ar.lptid00469.1000.nc,2019-02-24T21:00:00,2.3273825645446777,848.5332,2018,2,469.1
243,/home/orca/bkerns/projects/mjo_lpt_and_ar/tracking/lpt-python-public/ar.testing7.merge_split/data/ar/g0_0h/thresh1/systems/2021060100_2022063023/lpt_system_mask_ar.lptid00002.2000.nc,2021-06-11T11:00:00,1.1991559267044067,1912.1017,2021,6,2.2
244,/home/orca/bkerns/projects/mjo_lpt_and_ar/tracking/lpt-python-public/ar.testing7.merge_split/data/ar/g0_0h/thresh1/systems/2021060100_2022063023/lpt_system_mask_ar.lptid00002.4000.nc,2021-06-11T20:00:00,0.8355318307876587,1023.1513,2021,6,2.4
245,/home/orca/bkerns/projects/mjo_lpt_and_ar/tracking/lpt-python-public/ar.testing7.merge_split/data/ar/g0_0h/thresh1/systems/2021060100_2022063023/lpt_system_mask_ar.lptid00016.0300.nc,2021-06-19T10:00:00,1.9064255952835083,1207.1163,2021,6,16.03
246,/home/orca/bkerns/projects/mjo_lpt_and_ar/tracking/lpt-python-public/ar.testing7.merge_split/data/ar/g0_0h/thresh1/systems/2021060100_2022063023/lpt_system_mask_ar.lptid00016.2000.nc,2021-08-16T04:00:00,0.5297922492027283,1061.2482,2021,8,16.2
247,/home/orca/bkerns/projects/mjo_lpt_and_ar/tracking/lpt-python-public/ar.testing7.merge_split/data/ar/g0_0h/thresh1/systems/2021060100_2022063023/lpt_system_mask_ar.lptid00016.2200.nc,2021-08-18T23:00:00,0.6102400422096252,1481.7098,2021,8,16.22
248,/home/orca/bkerns/projects/mjo_lpt_and_ar/tracking/lpt-python-public/ar.testing7.merge_split/data/ar/g0_0h/thresh1/systems/2021060100_2022063023/lpt_system_mask_ar.lptid00016.2600.nc,2021-08-19T22:00:00,0.6102400422096252,1379.8766,2021,8,16.26
249,/home/orca/bkerns/projects/mjo_lpt_and_ar/tracking/lpt-python-public/ar.testing7.merge_split/data/ar/g0_0h/thresh1/systems/2021060100_2022063023/lpt_system_mask_ar.lptid00016.3200.nc,2021-09-04T15:00:00,1.6046136617660522,1469.0204,2021,9,16.32
250,/home/orca/bkerns/projects/mjo_lpt_and_ar/tracking/lpt-python-public/ar.testing7.merge_split/data/ar/g0_0h/thresh1/systems/2021060100_2022063023/lpt_system_mask_ar.lptid00167.1000.nc,2021-09-06T18:00:00,0.600567638874054,478.99472,2021,9,167.1
251,/home/orca/bkerns/projects/mjo_lpt_and_ar/tracking/lpt-python-public/ar.testing7.merge_split/data/ar/g0_0h/thresh1/systems/2021060100_2022063023/lpt_system_mask_ar.lptid00170.2000.nc,2021-09-14T14:00:00,0.9808593392372131,2121.274,2021,9,170.2
252,/home/orca/bkerns/projects/mjo_lpt_and_ar/tracking/lpt-python-public/ar.testing7.merge_split/data/ar/g0_0h/thresh1/systems/2021060100_2022063023/lpt_system_mask_ar.lptid00170.3000.nc,2021-09-11T09:00:00,1.5336194038391113,785.373,2021,9,170.3
253,/home/orca/bkerns/projects/mjo_lpt_and_ar/tracking/lpt-python-public/ar.testing7.merge_split/data/ar/g0_0h/thresh1/systems/2021060100_2022063023/lpt_system_mask_ar.lptid00170.4000.nc,2021-09-18T20:00:00,0.9808593392372131,2033.393,2021,9,170.4
254,/home/orca/bkerns/projects/mjo_lpt_and_ar/tracking/lpt-python-public/ar.testing7.merge_split/data/ar/g0_0h/thresh1/systems/2021060100_2022063023/lpt_system_mask_ar.lptid00184.3000.nc,2021-09-26T10:00:00,0.6677588820457458,1820.1648,2021,9,184.3
255,/home/orca/bkerns/projects/mjo_lpt_and_ar/tracking/lpt-python-public/ar.testing7.merge_split/data/ar/g0_0h/thresh1/systems/2021060100_2022063023/lpt_system_mask_ar.lptid00184.4000.nc,2021-09-29T12:00:00,0.48591548204421997,1449.8805,2021,9,184.4
256,/home/orca/bkerns/projects/mjo_lpt_and_ar/tracking/lpt-python-public/ar.testing7.merge_split/data/ar/g0_0h/thresh1/systems/2021060100_2022063023/lpt_system_mask_ar.lptid00206.0300.nc,2021-10-09T21:00:00,0.7067155838012695,2070.518,2021,10,206.03
257,/home/orca/bkerns/projects/mjo_lpt_and_ar/tracking/lpt-python-public/ar.testing7.merge_split/data/ar/g0_0h/thresh1/systems/2021060100_2022063023/lpt_system_mask_ar.lptid00206.0900.nc,2021-10-12T16:00:00,0.6266711950302124,1525.5203,2021,10,206.09
258,/home/orca/bkerns/projects/mjo_lpt_and_ar/tracking/lpt-python-public/ar.testing7.merge_split/data/ar/g0_0h/thresh1/systems/2021060100_2022063023/lpt_system_mask_ar.lptid00206.1000.nc,2021-10-15T09:00:00,0.7134730815887451,1108.8816,2021,10,206.1
259,/home/orca/bkerns/projects/mjo_lpt_and_ar/tracking/lpt-python-public/ar.testing7.merge_split/data/ar/g0_0h/thresh1/systems/2021060100_2022063023/lpt_system_mask_ar.lptid00206.1100.nc,2021-10-19T20:00:00,1.1900262832641602,2003.2571,2021,10,206.11
260,/home/orca/bkerns/projects/mjo_lpt_and_ar/tracking/lpt-python-public/ar.testing7.merge_split/data/ar/g0_0h/thresh1/systems/2021060100_2022063023/lpt_system_mask_ar.lptid00206.1300.nc,2021-10-23T12:00:00,3.9188337326049805,2225.718,2021,10,206.13
261,/home/orca/bkerns/projects/mjo_lpt_and_ar/tracking/lpt-python-public/ar.testing7.merge_split/data/ar/g0_0h/thresh1/systems/2021060100_2022063023/lpt_system_mask_ar.lptid00206.1400.nc,2021-10-21T08:00:00,3.9098711013793945,1269.6283,2021,10,206.14
262,/home/orca/bkerns/projects/mjo_lpt_and_ar/tracking/lpt-python-public/ar.testing7.merge_split/data/ar/g0_0h/thresh1/systems/2021060100_2022063023/lpt_system_mask_ar.lptid00206.1500.nc,2021-10-24T19:00:00,3.9188337326049805,1396.5461,2021,10,206.15
263,/home/orca/bkerns/projects/mjo_lpt_and_ar/tracking/lpt-python-public/ar.testing7.merge_split/data/ar/g0_0h/thresh1/systems/2021060100_2022063023/lpt_system_mask_ar.lptid00221.1000.nc,2021-10-05T09:00:00,0.7876147031784058,799.46454,2021,10,221.1
264,/home/orca/bkerns/projects/mjo_lpt_and_ar/tracking/lpt-python-public/ar.testing7.merge_split/data/ar/g0_0h/thresh1/systems/2021060100_2022063023/lpt_system_mask_ar.lptid00229.1000.nc,2021-10-08T02:00:00,0.7876147031784058,1037.983,2021,10,229.1
265,/home/orca/bkerns/projects/mjo_lpt_and_ar/tracking/lpt-python-public/ar.testing7.merge_split/data/ar/g0_0h/thresh1/systems/2021060100_2022063023/lpt_system_mask_ar.lptid00524.4000.nc,2022-04-17T15:00:00,1.1423197027326308,701.04803,2021,4,524.4
266,/home/orca/bkerns/projects/mjo_lpt_and_ar/tracking/lpt-python-public/ar.testing7.merge_split/data/ar/g0_0h/thresh1/systems/2021060100_2022063023/lpt_system_mask_ar.lptid00548.0200.nc,2022-05-05T10:00:00,1.055045863255958,1517.6422,2021,5,548.02
267,/home/orca/bkerns/projects/mjo_lpt_and_ar/tracking/lpt-python-public/ar.testing7.merge_split/data/ar/g0_0h/thresh1/systems/2021060100_2022063023/lpt_system_mask_ar.lptid00548.0800.nc,2022-05-12T16:00:00,1.1396863232458392,1499.8005,2021,5,548.08
268,/home/orca/bkerns/projects/mjo_lpt_and_ar/tracking/lpt-python-public/ar.testing7.merge_split/data/ar/g0_0h/thresh1/systems/2021060100_2022063023/lpt_system_mask_ar.lptid00548.1200.nc,2022-05-24T21:00:00,1.4004702359092316,1351.9205,2021,5,548.12
269,/home/orca/bkerns/projects/mjo_lpt_and_ar/tracking/lpt-python-public/ar.testing7.merge_split/data/ar/g0_0h/thresh1/systems/2021060100_2022063023/lpt_system_mask_ar.lptid00549.1000.nc,2022-04-29T15:00:00,1.4105378496069605,745.9151,2021,4,549.1
270,/home/orca/bkerns/projects/mjo_lpt_and_ar/tracking/lpt-python-public/ar.testing7.merge_split/data/ar/g0_0h/thresh1/systems/2021060100_2022063023/lpt_system_mask_ar.lptid00596.1000.nc,2022-05-28T10:00:00,1.6059967403102706,1773.8064,2021,5,596.1
271,/home/orca/bkerns/projects/mjo_lpt_and_ar/tracking/lpt-python-public/ar.testing7.merge_split/data/ar/g0_0h/thresh1/systems/2021060100_2022063023/lpt_system_mask_ar.lptid00596.3000.nc,2022-06-04T08:00:00,1.8188345916179323,1768.972,2021,6,596.3
272,/home/orca/bkerns/projects/mjo_lpt_and_ar/tracking/lpt-python-public/ar.testing7.merge_split/data/ar/g0_0h/thresh1/systems/2021060100_2022063023/lpt_system_mask_ar.lptid00596.4000.nc,2022-06-08T03:00:00,1.9946669015269987,1687.1355,2021,6,596.4
273,/home/orca/bkerns/projects/mjo_lpt_and_ar/tracking/lpt-python-public/ar.testing7.merge_split/data/ar/g0_0h/thresh1/systems/2021060100_2022063023/lpt_system_mask_ar.lptid00626.3000.nc,2022-06-21T23:00:00,0.7184524064742689,971.6674,2021,6,626.3
274,/home/orca/bkerns/projects/mjo_lpt_and_ar/tracking/lpt-python-public/ar.testing7.merge_split/data/ar/g0_0h/thresh1/systems/2023060100_2024063023/lpt_system_mask_ar.lptid00162.3000.nc,2023-08-31T09:00:00,1.6076109860178036,293.3027,2023,8,163.1
275,/home/orca/bkerns/projects/mjo_lpt_and_ar/tracking/lpt-python-public/ar.testing7.merge_split/data/ar/g0_0h/thresh1/systems/2023060100_2024063023/lpt_system_mask_ar.lptid00185.5000.nc,2023-09-10T22:00:00,0.7777903126235008,799.078,2023,9,186.1
276,/home/orca/bkerns/projects/mjo_lpt_and_ar/tracking/lpt-python-public/ar.testing7.merge_split/data/ar/g0_0h/thresh1/systems/2023060100_2024063023/lpt_system_mask_ar.lptid00209.1000.nc,2023-09-24T14:00:00,0.9202927643988702,2128.077,2023,9,209.2
277,/home/orca/bkerns/projects/mjo_lpt_and_ar/tracking/lpt-python-public/ar.testing7.merge_split/data/ar/g0_0h/thresh1/systems/2023060100_2024063023/lpt_system_mask_ar.lptid00209.2000.nc,2023-10-02T07:00:00,2.196475913190775,1590.2096,2023,9,209.3
278,/home/orca/bkerns/projects/mjo_lpt_and_ar/tracking/lpt-python-public/ar.testing7.merge_split/data/ar/g0_0h/thresh1/systems/2023060100_2024063023/lpt_system_mask_ar.lptid00209.4000.nc,2023-10-10T09:00:00,0.7658037857475961,1304.4539,2023,10,209.5
279,/home/orca/bkerns/projects/mjo_lpt_and_ar/tracking/lpt-python-public/ar.testing7.merge_split/data/ar/g0_0h/thresh1/systems/2023060100_2024063023/lpt_system_mask_ar.lptid00209.5000.nc,2023-10-09T05:00:00,0.7658037857475961,263.49185,2023,10,210.1
280,/home/orca/bkerns/projects/mjo_lpt_and_ar/tracking/lpt-python-public/ar.testing7.merge_split/data/ar/g0_0h/thresh1/systems/2023060100_2024063023/lpt_system_mask_ar.lptid00247.1000.nc,2023-10-14T18:00:00,1.8977643236463795,1186.7332,2023,10,247.2
281,/home/orca/bkerns/projects/mjo_lpt_and_ar/tracking/lpt-python-public/ar.testing7.merge_split/data/ar/g0_0h/thresh1/systems/2023060100_2024063023/lpt_system_mask_ar.lptid00247.2000.nc,2023-10-15T17:00:00,0.9755274996658346,317.20932,2023,10,248.1
282,/home/orca/bkerns/projects/mjo_lpt_and_ar/tracking/lpt-python-public/ar.testing7.merge_split/data/ar/g0_0h/thresh1/systems/2023060100_2024063023/lpt_system_mask_ar.lptid00254.0100.nc,2023-10-24T12:00:00,1.8977643236463795,1933.5209,2023,10,254.02
283,/home/orca/bkerns/projects/mjo_lpt_and_ar/tracking/lpt-python-public/ar.testing7.merge_split/data/ar/g0_0h/thresh1/systems/2023060100_2024063023/lpt_system_mask_ar.lptid00254.0500.nc,2023-11-01T09:00:00,1.922181989304599,555.15326,2023,11,254.06
284,/home/orca/bkerns/projects/mjo_lpt_and_ar/tracking/lpt-python-public/ar.testing7.merge_split/data/ar/g0_0h/thresh1/systems/2023060100_2024063023/lpt_system_mask_ar.lptid00254.0800.nc,2023-11-11T01:00:00,0.9493056363713576,1068.0498,2023,11,254.09
285,/home/orca/bkerns/projects/mjo_lpt_and_ar/tracking/lpt-python-public/ar.testing7.merge_split/data/ar/g0_0h/thresh1/systems/2023060100_2024063023/lpt_system_mask_ar.lptid00254.1100.nc,2023-11-09T20:00:00,0.9493056363713576,1507.7811,2023,11,254.12
286,/home/orca/bkerns/projects/mjo_lpt_and_ar/tracking/lpt-python-public/ar.testing7.merge_split/data/ar/g0_0h/thresh1/systems/2023060100_2024063023/lpt_system_mask_ar.lptid00254.1500.nc,2023-11-21T20:00:00,0.38574016927553684,879.5201,2023,11,255.1
287,/home/orca/bkerns/projects/mjo_lpt_and_ar/tracking/lpt-python-public/ar.testing7.merge_split/data/ar/g0_0h/thresh1/systems/2023060100_2024063023/lpt_system_mask_ar.lptid00306.1000.nc,2023-11-14T19:00:00,0.9940121234299206,607.5854,2023,11,307.1
288,/home/orca/bkerns/projects/mjo_lpt_and_ar/tracking/lpt-python-public/ar.testing7.merge_split/data/ar/g0_0h/thresh1/systems/2023060100_2024063023/lpt_system_mask_ar.lptid00360.2000.nc,2023-12-25T02:00:00,0.8710789466049796,1680.2244,2023,12,360.3
289,/home/orca/bkerns/projects/mjo_lpt_and_ar/tracking/lpt-python-public/ar.testing7.merge_split/data/ar/g0_0h/thresh1/systems/2023060100_2024063023/lpt_system_mask_ar.lptid00360.4000.nc,2024-01-02T12:00:00,0.8261503529897392,1240.7979,2023,12,360.5
290,/home/orca/bkerns/projects/mjo_lpt_and_ar/tracking/lpt-python-public/ar.testing7.merge_split/data/ar/g0_0h/thresh1/systems/2023060100_2024063023/lpt_system_mask_ar.lptid00360.5000.nc,2023-12-28T16:00:00,0.8680524919999855,1017.823,2023,12,360.6
291,/home/orca/bkerns/projects/mjo_lpt_and_ar/tracking/lpt-python-public/ar.testing7.merge_split/data/ar/g0_0h/thresh1/systems/2023060100_2024063023/lpt_system_mask_ar.lptid00510.2000.nc,2024-03-29T17:00:00,2.657752159075148,1840.545,2023,3,511.01
292,/home/orca/bkerns/projects/mjo_lpt_and_ar/tracking/lpt-python-public/ar.testing7.merge_split/data/ar/g0_0h/thresh1/systems/2023060100_2024063023/lpt_system_mask_ar.lptid00520.4000.nc,2024-04-08T22:00:00,0.43581409614110544,138.17218,2023,4,521.1
293,/home/orca/bkerns/projects/mjo_lpt_and_ar/tracking/lpt-python-public/ar.testing7.merge_split/data/ar/g0_0h/thresh1/systems/2023060100_2024063023/lpt_system_mask_ar.lptid00547.1000.nc,2024-04-20T17:00:00,0.6711263348572637,129.34178,2023,4,548.1
294,/home/orca/bkerns/projects/mjo_lpt_and_ar/tracking/lpt-python-public/ar.testing7.merge_split/data/ar/g0_0h/thresh1/systems/2023060100_2024063023/lpt_system_mask_ar.lptid00623.0900.nc,2024-06-11T16:00:00,0.5293876617701618,2042.1394,2023,6,623.1
295,/home/orca/bkerns/projects/mjo_lpt_and_ar/tracking/lpt-python-public/ar.testing7.merge_split/data/ar/g0_0h/thresh1/systems/2023060100_2024063023/lpt_system_mask_ar.lptid00623.1100.nc,2024-06-16T21:00:00,1.0486565542246644,2201.9282,2023,6,623.12
296,/home/orca/bkerns/projects/mjo_lpt_and_ar/tracking/lpt-python-public/ar.testing7.merge_split/data/ar/g0_0h/thresh1/systems/2019060100_2020063023/lpt_system_mask_ar.lptid00077.3000.nc,2019-07-27T00:00:00,0.4504711627960205,1207.5001,2019,7,77.3
297,/home/orca/bkerns/projects/mjo_lpt_and_ar/tracking/lpt-python-public/ar.testing7.merge_split/data/ar/g0_0h/thresh1/systems/2019060100_2020063023/lpt_system_mask_ar.lptid00077.7000.nc,2019-08-01T17:00:00,0.3355216383934021,887.431,2019,8,77.7
298,/home/orca/bkerns/projects/mjo_lpt_and_ar/tracking/lpt-python-public/ar.testing7.merge_split/data/ar/g0_0h/thresh1/systems/2019060100_2020063023/lpt_system_mask_ar.lptid00129.1000.nc,2019-08-21T04:00:00,0.542369544506073,1956.8499,2019,8,129.1
299,/home/orca/bkerns/projects/mjo_lpt_and_ar/tracking/lpt-python-public/ar.testing7.merge_split/data/ar/g0_0h/thresh1/systems/2019060100_2020063023/lpt_system_mask_ar.lptid00129.3000.nc,2019-08-21T19:00:00,0.542369544506073,670.99,2019,8,129.3
300,/home/orca/bkerns/projects/mjo_lpt_and_ar/tracking/lpt-python-public/ar.testing7.merge_split/data/ar/g0_0h/thresh1/systems/2019060100_2020063023/lpt_system_mask_ar.lptid00157.1000.nc,2019-08-29T01:00:00,0.3053807020187378,403.34958,2019,8,157.1
301,/home/orca/bkerns/projects/mjo_lpt_and_ar/tracking/lpt-python-public/ar.testing7.merge_split/data/ar/g0_0h/thresh1/systems/2019060100_2020063023/lpt_system_mask_ar.lptid00174.1000.nc,2019-09-13T22:00:00,1.2260093688964844,3368.9329,2019,9,174.1
302,/home/orca/bkerns/projects/mjo_lpt_and_ar/tracking/lpt-python-public/ar.testing7.merge_split/data/ar/g0_0h/thresh1/systems/2019060100_2020063023/lpt_system_mask_ar.lptid00178.1000.nc,2019-09-12T13:00:00,1.0140626430511475,1437.7417,2019,9,178.1
303,/home/orca/bkerns/projects/mjo_lpt_and_ar/tracking/lpt-python-public/ar.testing7.merge_split/data/ar/g0_0h/thresh1/systems/2019060100_2020063023/lpt_system_mask_ar.lptid00180.0300.nc,2019-09-17T10:00:00,0.895652174949646,798.1549,2019,9,180.03
304,/home/orca/bkerns/projects/mjo_lpt_and_ar/tracking/lpt-python-public/ar.testing7.merge_split/data/ar/g0_0h/thresh1/systems/2019060100_2020063023/lpt_system_mask_ar.lptid00180.0400.nc,2019-09-23T14:00:00,0.8257452845573425,1847.5729,2019,9,180.04
305,/home/orca/bkerns/projects/mjo_lpt_and_ar/tracking/lpt-python-public/ar.testing7.merge_split/data/ar/g0_0h/thresh1/systems/2019060100_2020063023/lpt_system_mask_ar.lptid00233.1300.nc,2019-11-13T14:00:00,0.5658203363418579,3012.9133,2019,11,233.13
306,/home/orca/bkerns/projects/mjo_lpt_and_ar/tracking/lpt-python-public/ar.testing7.merge_split/data/ar/g0_0h/thresh1/systems/2019060100_2020063023/lpt_system_mask_ar.lptid00233.1700.nc,2019-11-09T05:00:00,0.7907218933105469,1262.2418,2019,11,233.17
307,/home/orca/bkerns/projects/mjo_lpt_and_ar/tracking/lpt-python-public/ar.testing7.merge_split/data/ar/g0_0h/thresh1/systems/2019060100_2020063023/lpt_system_mask_ar.lptid00233.1800.nc,2019-11-16T19:00:00,2.4744040966033936,1705.6865,2019,11,233.18
308,/home/orca/bkerns/projects/mjo_lpt_and_ar/tracking/lpt-python-public/ar.testing7.merge_split/data/ar/g0_0h/thresh1/systems/2019060100_2020063023/lpt_system_mask_ar.lptid00312.7000.nc,2019-12-10T22:00:00,1.3331668376922607,1953.4504,2019,12,312.7
309,/home/orca/bkerns/projects/mjo_lpt_and_ar/tracking/lpt-python-public/ar.testing7.merge_split/data/ar/g0_0h/thresh1/systems/2019060100_2020063023/lpt_system_mask_ar.lptid00312.8000.nc,2019-12-12T16:00:00,1.3331668376922607,641.44366,2019,12,312.8
310,/home/orca/bkerns/projects/mjo_lpt_and_ar/tracking/lpt-python-public/ar.testing7.merge_split/data/ar/g0_0h/thresh1/systems/2019060100_2020063023/lpt_system_mask_ar.lptid00659.2000.nc,2020-06-15T00:00:00,1.7588429293802426,1821.5923,2019,6,659.2
311,/home/orca/bkerns/projects/mjo_lpt_and_ar/tracking/lpt-python-public/ar.testing7.merge_split/data/ar/g0_0h/thresh1/systems/2019060100_2020063023/lpt_system_mask_ar.lptid00659.3000.nc,2020-06-20T07:00:00,1.2777016751790995,1024.8815,2019,6,659.3
