,AR ID (string),Landfall Datetime,Max ERM,Max IVT,Max MJO LPT Vol. Rain,End Season Year,Month,AR ID (Number)
0,/home/orca/bkerns/projects/mjo_lpt_and_ar/tracking/lpt-python-public/ar.testing7.merge_split/data/ar/g0_0h/thresh1/systems/2000060100_2001063023/lpt_system_mask_ar.lptid00077.2000.nc,2000-07-27T01:00:00,0.5897097542961113,1595.3215,343886528.0,2000,7,77.2
1,/home/orca/bkerns/projects/mjo_lpt_and_ar/tracking/lpt-python-public/ar.testing7.merge_split/data/ar/g0_0h/thresh1/systems/2000060100_2001063023/lpt_system_mask_ar.lptid00077.7000.nc,2000-07-28T00:00:00,0.4965781584283396,1691.7664,0.0,2000,8,77.7
2,/home/orca/bkerns/projects/mjo_lpt_and_ar/tracking/lpt-python-public/ar.testing7.merge_split/data/ar/g0_0h/thresh1/systems/2000060100_2001063023/lpt_system_mask_ar.lptid00297.3000.nc,2000-10-16T19:00:00,0.9480610188856052,1037.1655,159163536.0,2000,10,297.3
3,/home/orca/bkerns/projects/mjo_lpt_and_ar/tracking/lpt-python-public/ar.testing7.merge_split/data/ar/g0_0h/thresh1/systems/2000060100_2001063023/lpt_system_mask_ar.lptid00297.4000.nc,2000-10-19T19:00:00,1.402869378321408,1423.6422,96953920.0,2000,10,297.4
4,/home/orca/bkerns/projects/mjo_lpt_and_ar/tracking/lpt-python-public/ar.testing7.merge_split/data/ar/g0_0h/thresh1/systems/2000060100_2001063023/lpt_system_mask_ar.lptid00410.3000.nc,2000-11-27T00:00:00,0.724921558896668,916.03796,124232896.0,2000,11,410.3
5,/home/orca/bkerns/projects/mjo_lpt_and_ar/tracking/lpt-python-public/ar.testing7.merge_split/data/ar/g0_0h/thresh1/systems/2000060100_2001063023/lpt_system_mask_ar.lptid00520.2000.nc,2001-02-02T01:00:00,0.6859087944030762,1237.8226,346961344.0,2000,2,520.2
6,/home/orca/bkerns/projects/mjo_lpt_and_ar/tracking/lpt-python-public/ar.testing7.merge_split/data/ar/g0_0h/thresh1/systems/2001060100_2002063023/lpt_system_mask_ar.lptid00071.1100.nc,2001-07-27T23:00:00,0.6860873699188232,1388.4607,0.0,2001,7,71.11
7,/home/orca/bkerns/projects/mjo_lpt_and_ar/tracking/lpt-python-public/ar.testing7.merge_split/data/ar/g0_0h/thresh1/systems/2001060100_2002063023/lpt_system_mask_ar.lptid00071.1300.nc,2001-08-02T11:00:00,0.6860873699188232,3187.4207,0.0,2001,8,71.13
8,/home/orca/bkerns/projects/mjo_lpt_and_ar/tracking/lpt-python-public/ar.testing7.merge_split/data/ar/g0_0h/thresh1/systems/2001060100_2002063023/lpt_system_mask_ar.lptid00071.2000.nc,2001-08-21T06:00:00,0.7894194722175598,1019.0837,0.0,2001,8,71.2
9,/home/orca/bkerns/projects/mjo_lpt_and_ar/tracking/lpt-python-public/ar.testing7.merge_split/data/ar/g0_0h/thresh1/systems/2001060100_2002063023/lpt_system_mask_ar.lptid00071.2200.nc,2001-08-27T18:00:00,0.1079501137137413,1190.0664,0.0,2001,8,71.22
10,/home/orca/bkerns/projects/mjo_lpt_and_ar/tracking/lpt-python-public/ar.testing7.merge_split/data/ar/g0_0h/thresh1/systems/2001060100_2002063023/lpt_system_mask_ar.lptid00071.2300.nc,2001-08-27T21:00:00,0.4493919610977173,1218.7217,0.0,2001,8,71.23
11,/home/orca/bkerns/projects/mjo_lpt_and_ar/tracking/lpt-python-public/ar.testing7.merge_split/data/ar/g0_0h/thresh1/systems/2001060100_2002063023/lpt_system_mask_ar.lptid00071.2700.nc,2001-09-03T05:00:00,0.4607689678668976,956.2477,0.0,2001,9,71.27
12,/home/orca/bkerns/projects/mjo_lpt_and_ar/tracking/lpt-python-public/ar.testing7.merge_split/data/ar/g0_0h/thresh1/systems/2001060100_2002063023/lpt_system_mask_ar.lptid00206.1700.nc,2001-10-10T12:00:00,0.8935809135437012,2778.3767,232595936.0,2001,10,206.17
13,/home/orca/bkerns/projects/mjo_lpt_and_ar/tracking/lpt-python-public/ar.testing7.merge_split/data/ar/g0_0h/thresh1/systems/2001060100_2002063023/lpt_system_mask_ar.lptid00206.1800.nc,2001-10-18T12:00:00,0.768246054649353,1798.6715,230515280.0,2001,10,206.18
14,/home/orca/bkerns/projects/mjo_lpt_and_ar/tracking/lpt-python-public/ar.testing7.merge_split/data/ar/g0_0h/thresh1/systems/2001060100_2002063023/lpt_system_mask_ar.lptid00206.1900.nc,2001-10-22T09:00:00,0.9327823519706726,3029.5017,149747136.0,2001,10,206.19
15,/home/orca/bkerns/projects/mjo_lpt_and_ar/tracking/lpt-python-public/ar.testing7.merge_split/data/ar/g0_0h/thresh1/systems/2001060100_2002063023/lpt_system_mask_ar.lptid00206.2200.nc,2001-10-26T05:00:00,0.9327823519706726,1211.7935,127404576.0,2001,10,206.22
16,/home/orca/bkerns/projects/mjo_lpt_and_ar/tracking/lpt-python-public/ar.testing7.merge_split/data/ar/g0_0h/thresh1/systems/2001060100_2002063023/lpt_system_mask_ar.lptid00206.2300.nc,2001-11-04T07:00:00,0.3720894157886505,3263.1448,158356416.0,2001,10,206.23
17,/home/orca/bkerns/projects/mjo_lpt_and_ar/tracking/lpt-python-public/ar.testing7.merge_split/data/ar/g0_0h/thresh1/systems/2001060100_2002063023/lpt_system_mask_ar.lptid00329.0800.nc,2001-11-23T05:00:00,1.6104954481124878,1778.5062,289882816.0,2001,11,329.08
18,/home/orca/bkerns/projects/mjo_lpt_and_ar/tracking/lpt-python-public/ar.testing7.merge_split/data/ar/g0_0h/thresh1/systems/2001060100_2002063023/lpt_system_mask_ar.lptid00329.1000.nc,2001-11-24T08:00:00,1.5571378469467163,1138.7617,161358512.0,2001,11,329.1
19,/home/orca/bkerns/projects/mjo_lpt_and_ar/tracking/lpt-python-public/ar.testing7.merge_split/data/ar/g0_0h/thresh1/systems/2001060100_2002063023/lpt_system_mask_ar.lptid00329.1200.nc,2001-12-01T22:00:00,0.9893132448196412,1155.429,251679568.0,2001,12,329.12
20,/home/orca/bkerns/projects/mjo_lpt_and_ar/tracking/lpt-python-public/ar.testing7.merge_split/data/ar/g0_0h/thresh1/systems/2001060100_2002063023/lpt_system_mask_ar.lptid00329.1800.nc,2001-12-11T05:00:00,1.4462605714797974,1690.085,331007232.0,2001,12,329.18
21,/home/orca/bkerns/projects/mjo_lpt_and_ar/tracking/lpt-python-public/ar.testing7.merge_split/data/ar/g0_0h/thresh1/systems/2001060100_2002063023/lpt_system_mask_ar.lptid00329.1900.nc,2001-12-08T08:00:00,0.6688663959503174,945.2027,289102432.0,2001,12,329.19
22,/home/orca/bkerns/projects/mjo_lpt_and_ar/tracking/lpt-python-public/ar.testing7.merge_split/data/ar/g0_0h/thresh1/systems/2005060100_2006063023/lpt_system_mask_ar.lptid00103.6000.nc,2005-07-31T05:00:00,1.855185985565185,1214.3486,429554752.0,2005,8,103.6
23,/home/orca/bkerns/projects/mjo_lpt_and_ar/tracking/lpt-python-public/ar.testing7.merge_split/data/ar/g0_0h/thresh1/systems/2005060100_2006063023/lpt_system_mask_ar.lptid00103.7000.nc,2005-08-01T03:00:00,1.855185985565185,687.66736,429554752.0,2005,8,103.7
24,/home/orca/bkerns/projects/mjo_lpt_and_ar/tracking/lpt-python-public/ar.testing7.merge_split/data/ar/g0_0h/thresh1/systems/2005060100_2006063023/lpt_system_mask_ar.lptid00207.0900.nc,2005-09-28T19:00:00,1.6683160066604614,3443.0503,117328456.0,2005,9,207.09
25,/home/orca/bkerns/projects/mjo_lpt_and_ar/tracking/lpt-python-public/ar.testing7.merge_split/data/ar/g0_0h/thresh1/systems/2005060100_2006063023/lpt_system_mask_ar.lptid00207.1300.nc,2005-10-06T19:00:00,0.6816104650497437,2007.6814,195898800.0,2005,10,207.13
26,/home/orca/bkerns/projects/mjo_lpt_and_ar/tracking/lpt-python-public/ar.testing7.merge_split/data/ar/g0_0h/thresh1/systems/2005060100_2006063023/lpt_system_mask_ar.lptid00207.1400.nc,2005-10-12T16:00:00,0.6361396908760071,2309.889,195898800.0,2005,10,207.14
27,/home/orca/bkerns/projects/mjo_lpt_and_ar/tracking/lpt-python-public/ar.testing7.merge_split/data/ar/g0_0h/thresh1/systems/2005060100_2006063023/lpt_system_mask_ar.lptid00207.1500.nc,2005-10-14T19:00:00,1.4765400886535645,2193.074,152392672.0,2005,10,207.15
28,/home/orca/bkerns/projects/mjo_lpt_and_ar/tracking/lpt-python-public/ar.testing7.merge_split/data/ar/g0_0h/thresh1/systems/2005060100_2006063023/lpt_system_mask_ar.lptid00207.1800.nc,2005-10-25T18:00:00,0.9158581495285034,1223.3768,0.0,2005,10,207.18
29,/home/orca/bkerns/projects/mjo_lpt_and_ar/tracking/lpt-python-public/ar.testing7.merge_split/data/ar/g0_0h/thresh1/systems/2005060100_2006063023/lpt_system_mask_ar.lptid00207.2000.nc,2005-10-27T19:00:00,1.4307575225830078,1318.2042,0.0,2005,10,207.2
30,/home/orca/bkerns/projects/mjo_lpt_and_ar/tracking/lpt-python-public/ar.testing7.merge_split/data/ar/g0_0h/thresh1/systems/2005060100_2006063023/lpt_system_mask_ar.lptid00207.2100.nc,2005-11-03T11:00:00,2.136027812957764,1602.5054,0.0,2005,11,207.21
31,/home/orca/bkerns/projects/mjo_lpt_and_ar/tracking/lpt-python-public/ar.testing7.merge_split/data/ar/g0_0h/thresh1/systems/2005060100_2006063023/lpt_system_mask_ar.lptid00207.2300.nc,2005-11-09T14:00:00,1.620233416557312,1514.6948,63577548.0,2005,11,207.23
32,/home/orca/bkerns/projects/mjo_lpt_and_ar/tracking/lpt-python-public/ar.testing7.merge_split/data/ar/g0_0h/thresh1/systems/2005060100_2006063023/lpt_system_mask_ar.lptid00207.2500.nc,2005-11-12T11:00:00,1.0452444553375244,1509.825,125075896.0,2005,11,207.25
33,/home/orca/bkerns/projects/mjo_lpt_and_ar/tracking/lpt-python-public/ar.testing7.merge_split/data/ar/g0_0h/thresh1/systems/2005060100_2006063023/lpt_system_mask_ar.lptid00402.2000.nc,2005-12-21T06:00:00,10.860034942626951,2462.1143,378153472.0,2005,12,402.2
34,/home/orca/bkerns/projects/mjo_lpt_and_ar/tracking/lpt-python-public/ar.testing7.merge_split/data/ar/g0_0h/thresh1/systems/2005060100_2006063023/lpt_system_mask_ar.lptid00402.3000.nc,2005-12-22T09:00:00,2.696755886077881,1455.669,237873424.0,2005,12,402.3
35,/home/orca/bkerns/projects/mjo_lpt_and_ar/tracking/lpt-python-public/ar.testing7.merge_split/data/ar/g0_0h/thresh1/systems/2005060100_2006063023/lpt_system_mask_ar.lptid00402.4000.nc,2006-01-03T13:00:00,3.255741596221924,1791.0466,77092528.0,2005,1,402.4
36,/home/orca/bkerns/projects/mjo_lpt_and_ar/tracking/lpt-python-public/ar.testing7.merge_split/data/ar/g0_0h/thresh1/systems/2005060100_2006063023/lpt_system_mask_ar.lptid00402.6000.nc,2006-01-07T03:00:00,2.0554115772247314,744.46497,247959136.0,2005,1,402.6
37,/home/orca/bkerns/projects/mjo_lpt_and_ar/tracking/lpt-python-public/ar.testing7.merge_split/data/ar/g0_0h/thresh1/systems/2005060100_2006063023/lpt_system_mask_ar.lptid00483.2000.nc,2006-01-29T21:00:00,1.2777771949768066,1552.2905,437305792.0,2005,1,483.2
38,/home/orca/bkerns/projects/mjo_lpt_and_ar/tracking/lpt-python-public/ar.testing7.merge_split/data/ar/g0_0h/thresh1/systems/2005060100_2006063023/lpt_system_mask_ar.lptid00483.3000.nc,2006-02-01T11:00:00,0.9829812049865724,968.4004,437305792.0,2005,2,483.3
39,/home/orca/bkerns/projects/mjo_lpt_and_ar/tracking/lpt-python-public/ar.testing7.merge_split/data/ar/g0_0h/thresh1/systems/2005060100_2006063023/lpt_system_mask_ar.lptid00561.2000.nc,2006-03-08T19:00:00,1.289062261581421,1166.0493,258284896.0,2005,3,561.2
40,/home/orca/bkerns/projects/mjo_lpt_and_ar/tracking/lpt-python-public/ar.testing7.merge_split/data/ar/g0_0h/thresh1/systems/2006060100_2007063023/lpt_system_mask_ar.lptid00003.8000.nc,2006-07-09T05:00:00,0.6136584877967834,1979.4965,413990560.0,2006,7,3.8
41,/home/orca/bkerns/projects/mjo_lpt_and_ar/tracking/lpt-python-public/ar.testing7.merge_split/data/ar/g0_0h/thresh1/systems/2006060100_2007063023/lpt_system_mask_ar.lptid00208.0300.nc,2006-10-08T07:00:00,1.4765608310699463,1972.3124,240079696.0,2006,10,208.03
42,/home/orca/bkerns/projects/mjo_lpt_and_ar/tracking/lpt-python-public/ar.testing7.merge_split/data/ar/g0_0h/thresh1/systems/2006060100_2007063023/lpt_system_mask_ar.lptid00208.0500.nc,2006-10-18T18:00:00,0.4891889989376068,2897.4478,236521328.0,2006,10,208.05
43,/home/orca/bkerns/projects/mjo_lpt_and_ar/tracking/lpt-python-public/ar.testing7.merge_split/data/ar/g0_0h/thresh1/systems/2006060100_2007063023/lpt_system_mask_ar.lptid00208.1100.nc,2006-10-26T20:00:00,0.8886594772338867,1090.932,0.0,2006,10,208.11
44,/home/orca/bkerns/projects/mjo_lpt_and_ar/tracking/lpt-python-public/ar.testing7.merge_split/data/ar/g0_0h/thresh1/systems/2006060100_2007063023/lpt_system_mask_ar.lptid00423.2000.nc,2007-02-07T01:00:00,1.0927786827087402,1516.7357,370208768.0,2006,2,423.2
45,/home/orca/bkerns/projects/mjo_lpt_and_ar/tracking/lpt-python-public/ar.testing7.merge_split/data/ar/g0_0h/thresh1/systems/2006060100_2007063023/lpt_system_mask_ar.lptid00423.3000.nc,2007-02-08T20:00:00,1.0927786827087402,1231.061,350789248.0,2006,2,423.3
46,/home/orca/bkerns/projects/mjo_lpt_and_ar/tracking/lpt-python-public/ar.testing7.merge_split/data/ar/g0_0h/thresh1/systems/2006060100_2007063023/lpt_system_mask_ar.lptid00481.3000.nc,2007-03-10T19:00:00,0.8250388503074646,1314.025,357210560.0,2006,3,481.3
47,/home/orca/bkerns/projects/mjo_lpt_and_ar/tracking/lpt-python-public/ar.testing7.merge_split/data/ar/g0_0h/thresh1/systems/2007060100_2008063023/lpt_system_mask_ar.lptid00038.1000.nc,2007-07-17T07:00:00,1.7773059606552124,3644.6182,267107392.0,2007,7,38.1
48,/home/orca/bkerns/projects/mjo_lpt_and_ar/tracking/lpt-python-public/ar.testing7.merge_split/data/ar/g0_0h/thresh1/systems/2007060100_2008063023/lpt_system_mask_ar.lptid00038.1200.nc,2007-07-14T15:00:00,0.9317200183868408,791.9585,202067712.0,2007,7,38.12
49,/home/orca/bkerns/projects/mjo_lpt_and_ar/tracking/lpt-python-public/ar.testing7.merge_split/data/ar/g0_0h/thresh1/systems/2007060100_2008063023/lpt_system_mask_ar.lptid00038.1300.nc,2007-07-17T17:00:00,1.1418410539627075,551.91986,199695392.0,2007,7,38.13
50,/home/orca/bkerns/projects/mjo_lpt_and_ar/tracking/lpt-python-public/ar.testing7.merge_split/data/ar/g0_0h/thresh1/systems/2007060100_2008063023/lpt_system_mask_ar.lptid00038.1500.nc,2007-07-22T22:00:00,0.9876849055290222,703.4963,227120480.0,2007,7,38.15
51,/home/orca/bkerns/projects/mjo_lpt_and_ar/tracking/lpt-python-public/ar.testing7.merge_split/data/ar/g0_0h/thresh1/systems/2007060100_2008063023/lpt_system_mask_ar.lptid00267.2400.nc,2007-12-25T18:00:00,0.7604849338531494,1288.5258,324766272.0,2007,12,267.24
52,/home/orca/bkerns/projects/mjo_lpt_and_ar/tracking/lpt-python-public/ar.testing7.merge_split/data/ar/g0_0h/thresh1/systems/2007060100_2008063023/lpt_system_mask_ar.lptid00394.3000.nc,2008-01-08T05:00:00,1.557913064956665,1570.6572,345639584.0,2007,1,394.3
53,/home/orca/bkerns/projects/mjo_lpt_and_ar/tracking/lpt-python-public/ar.testing7.merge_split/data/ar/g0_0h/thresh1/systems/2007060100_2008063023/lpt_system_mask_ar.lptid00483.2000.nc,2008-02-29T18:00:00,0.8124101758003235,1339.0046,314237728.0,2007,2,483.2
54,/home/orca/bkerns/projects/mjo_lpt_and_ar/tracking/lpt-python-public/ar.testing7.merge_split/data/ar/g0_0h/thresh1/systems/2007060100_2008063023/lpt_system_mask_ar.lptid00483.3000.nc,2008-02-23T20:00:00,1.0144567489624023,1453.4851,270058240.0,2007,2,483.3
55,/home/orca/bkerns/projects/mjo_lpt_and_ar/tracking/lpt-python-public/ar.testing7.merge_split/data/ar/g0_0h/thresh1/systems/2008060100_2009063023/lpt_system_mask_ar.lptid00158.1100.nc,2008-09-24T17:00:00,0.494110107421875,655.56244,0.0,2008,9,158.11
56,/home/orca/bkerns/projects/mjo_lpt_and_ar/tracking/lpt-python-public/ar.testing7.merge_split/data/ar/g0_0h/thresh1/systems/2008060100_2009063023/lpt_system_mask_ar.lptid00158.1200.nc,2008-09-27T09:00:00,1.0282615423202517,1442.2576,102210464.0,2008,9,158.12
57,/home/orca/bkerns/projects/mjo_lpt_and_ar/tracking/lpt-python-public/ar.testing7.merge_split/data/ar/g0_0h/thresh1/systems/2008060100_2009063023/lpt_system_mask_ar.lptid00158.1400.nc,2008-10-03T09:00:00,1.0282615423202517,2063.1785,102210464.0,2008,10,158.14
58,/home/orca/bkerns/projects/mjo_lpt_and_ar/tracking/lpt-python-public/ar.testing7.merge_split/data/ar/g0_0h/thresh1/systems/2008060100_2009063023/lpt_system_mask_ar.lptid00158.1500.nc,2008-10-06T22:00:00,0.4746884107589721,1147.7772,244957936.0,2008,10,158.15
59,/home/orca/bkerns/projects/mjo_lpt_and_ar/tracking/lpt-python-public/ar.testing7.merge_split/data/ar/g0_0h/thresh1/systems/2008060100_2009063023/lpt_system_mask_ar.lptid00158.1800.nc,2008-10-16T03:00:00,0.3927915096282959,1750.7234,261505808.0,2008,10,158.18
60,/home/orca/bkerns/projects/mjo_lpt_and_ar/tracking/lpt-python-public/ar.testing7.merge_split/data/ar/g0_0h/thresh1/systems/2008060100_2009063023/lpt_system_mask_ar.lptid00158.1900.nc,2008-10-20T11:00:00,0.243581086397171,1727.1891,261505808.0,2008,10,158.19
61,/home/orca/bkerns/projects/mjo_lpt_and_ar/tracking/lpt-python-public/ar.testing7.merge_split/data/ar/g0_0h/thresh1/systems/2008060100_2009063023/lpt_system_mask_ar.lptid00158.2000.nc,2008-10-24T19:00:00,0.1653281450271606,2195.6816,350776416.0,2008,10,158.2
62,/home/orca/bkerns/projects/mjo_lpt_and_ar/tracking/lpt-python-public/ar.testing7.merge_split/data/ar/g0_0h/thresh1/systems/2008060100_2009063023/lpt_system_mask_ar.lptid00158.2500.nc,2008-10-29T17:00:00,1.2201677560806274,945.448,316615744.0,2008,10,158.25
63,/home/orca/bkerns/projects/mjo_lpt_and_ar/tracking/lpt-python-public/ar.testing7.merge_split/data/ar/g0_0h/thresh1/systems/2008060100_2009063023/lpt_system_mask_ar.lptid00158.2900.nc,2008-11-05T19:00:00,1.5954533815383911,1693.5259,267287680.0,2008,11,158.29
64,/home/orca/bkerns/projects/mjo_lpt_and_ar/tracking/lpt-python-public/ar.testing7.merge_split/data/ar/g0_0h/thresh1/systems/2008060100_2009063023/lpt_system_mask_ar.lptid00158.3100.nc,2008-11-11T10:00:00,2.2252185344696045,1858.1814,325994336.0,2008,11,158.31
65,/home/orca/bkerns/projects/mjo_lpt_and_ar/tracking/lpt-python-public/ar.testing7.merge_split/data/ar/g0_0h/thresh1/systems/2008060100_2009063023/lpt_system_mask_ar.lptid00158.3500.nc,2008-11-21T23:00:00,0.6063084602355957,1361.1959,330850048.0,2008,11,158.35
66,/home/orca/bkerns/projects/mjo_lpt_and_ar/tracking/lpt-python-public/ar.testing7.merge_split/data/ar/g0_0h/thresh1/systems/2008060100_2009063023/lpt_system_mask_ar.lptid00158.3700.nc,2008-11-28T16:00:00,1.1293089389801023,2085.8154,243997776.0,2008,11,158.37
67,/home/orca/bkerns/projects/mjo_lpt_and_ar/tracking/lpt-python-public/ar.testing7.merge_split/data/ar/g0_0h/thresh1/systems/2008060100_2009063023/lpt_system_mask_ar.lptid00158.3800.nc,2008-11-27T14:00:00,1.1560616493225098,722.6774,243997776.0,2008,11,158.38
68,/home/orca/bkerns/projects/mjo_lpt_and_ar/tracking/lpt-python-public/ar.testing7.merge_split/data/ar/g0_0h/thresh1/systems/2008060100_2009063023/lpt_system_mask_ar.lptid00158.4300.nc,2008-12-09T20:00:00,0.4766271710395813,1429.27,201509904.0,2008,12,158.43
69,/home/orca/bkerns/projects/mjo_lpt_and_ar/tracking/lpt-python-public/ar.testing7.merge_split/data/ar/g0_0h/thresh1/systems/2009060100_2010063023/lpt_system_mask_ar.lptid00343.4000.nc,2009-11-30T16:00:00,0.4440151154994964,880.7624,305360512.0,2009,11,343.4
70,/home/orca/bkerns/projects/mjo_lpt_and_ar/tracking/lpt-python-public/ar.testing7.merge_split/data/ar/g0_0h/thresh1/systems/2009060100_2010063023/lpt_system_mask_ar.lptid00343.6000.nc,2009-12-14T21:00:00,1.240731120109558,1207.63,270010304.0,2009,12,343.6
71,/home/orca/bkerns/projects/mjo_lpt_and_ar/tracking/lpt-python-public/ar.testing7.merge_split/data/ar/g0_0h/thresh1/systems/2009060100_2010063023/lpt_system_mask_ar.lptid00343.9000.nc,2009-12-13T04:00:00,1.2383168935775757,672.43463,263987856.0,2009,12,343.9
72,/home/orca/bkerns/projects/mjo_lpt_and_ar/tracking/lpt-python-public/ar.testing7.merge_split/data/ar/g0_0h/thresh1/systems/2010060100_2011063023/lpt_system_mask_ar.lptid00040.1400.nc,2010-08-07T16:00:00,0.4309220016002655,695.3244,92625728.0,2010,8,40.14
73,/home/orca/bkerns/projects/mjo_lpt_and_ar/tracking/lpt-python-public/ar.testing7.merge_split/data/ar/g0_0h/thresh1/systems/2010060100_2011063023/lpt_system_mask_ar.lptid00040.1500.nc,2010-08-19T01:00:00,0.412149578332901,1965.7006,175633904.0,2010,8,40.15
74,/home/orca/bkerns/projects/mjo_lpt_and_ar/tracking/lpt-python-public/ar.testing7.merge_split/data/ar/g0_0h/thresh1/systems/2010060100_2011063023/lpt_system_mask_ar.lptid00254.2000.nc,2010-11-01T02:00:00,1.6749435663223269,2064.8455,309507168.0,2010,10,254.2
75,/home/orca/bkerns/projects/mjo_lpt_and_ar/tracking/lpt-python-public/ar.testing7.merge_split/data/ar/g0_0h/thresh1/systems/2010060100_2011063023/lpt_system_mask_ar.lptid00254.6000.nc,2010-11-06T20:00:00,1.6749435663223269,1827.1085,273367648.0,2010,11,254.6
76,/home/orca/bkerns/projects/mjo_lpt_and_ar/tracking/lpt-python-public/ar.testing7.merge_split/data/ar/g0_0h/thresh1/systems/2010060100_2011063023/lpt_system_mask_ar.lptid00254.8000.nc,2010-11-07T18:00:00,0.8977449536323547,570.9301,210192960.0,2010,11,254.8
77,/home/orca/bkerns/projects/mjo_lpt_and_ar/tracking/lpt-python-public/ar.testing7.merge_split/data/ar/g0_0h/thresh1/systems/2010060100_2011063023/lpt_system_mask_ar.lptid00292.1000.nc,2010-11-13T12:00:00,0.8839200735092163,1692.6517,228909840.0,2010,11,292.1
78,/home/orca/bkerns/projects/mjo_lpt_and_ar/tracking/lpt-python-public/ar.testing7.merge_split/data/ar/g0_0h/thresh1/systems/2010060100_2011063023/lpt_system_mask_ar.lptid00292.4000.nc,2010-11-16T02:00:00,0.8900947570800781,1248.4421,108499136.0,2010,11,292.4
79,/home/orca/bkerns/projects/mjo_lpt_and_ar/tracking/lpt-python-public/ar.testing7.merge_split/data/ar/g0_0h/thresh1/systems/2010060100_2011063023/lpt_system_mask_ar.lptid00292.5000.nc,2010-11-26T07:00:00,1.2549711465835571,1277.4232,233044864.0,2010,11,292.5
80,/home/orca/bkerns/projects/mjo_lpt_and_ar/tracking/lpt-python-public/ar.testing7.merge_split/data/ar/g0_0h/thresh1/systems/2010060100_2011063023/lpt_system_mask_ar.lptid00292.6000.nc,2010-11-17T11:00:00,0.8900947570800781,991.8585,86463224.0,2010,11,292.6
81,/home/orca/bkerns/projects/mjo_lpt_and_ar/tracking/lpt-python-public/ar.testing7.merge_split/data/ar/g0_0h/thresh1/systems/2010060100_2011063023/lpt_system_mask_ar.lptid00681.6000.nc,2011-06-27T18:00:00,1.382534742355347,2397.1418,313768768.0,2010,6,681.6
82,/home/orca/bkerns/projects/mjo_lpt_and_ar/tracking/lpt-python-public/ar.testing7.merge_split/data/ar/g0_0h/thresh1/systems/2011060100_2012063023/lpt_system_mask_ar.lptid00022.0600.nc,2011-06-27T18:00:00,1.382534742355347,2397.1418,313768768.0,2011,6,22.06
83,/home/orca/bkerns/projects/mjo_lpt_and_ar/tracking/lpt-python-public/ar.testing7.merge_split/data/ar/g0_0h/thresh1/systems/2011060100_2012063023/lpt_system_mask_ar.lptid00022.1200.nc,2011-07-21T08:00:00,1.0824501514434814,2480.318,251855008.0,2011,7,22.12
84,/home/orca/bkerns/projects/mjo_lpt_and_ar/tracking/lpt-python-public/ar.testing7.merge_split/data/ar/g0_0h/thresh1/systems/2011060100_2012063023/lpt_system_mask_ar.lptid00231.2000.nc,2011-10-02T19:00:00,0.7749790549278259,1117.7323,431872064.0,2011,10,231.2
85,/home/orca/bkerns/projects/mjo_lpt_and_ar/tracking/lpt-python-public/ar.testing7.merge_split/data/ar/g0_0h/thresh1/systems/2011060100_2012063023/lpt_system_mask_ar.lptid00231.2300.nc,2011-10-05T10:00:00,0.901750385761261,824.7885,213736640.0,2011,10,231.23
86,/home/orca/bkerns/projects/mjo_lpt_and_ar/tracking/lpt-python-public/ar.testing7.merge_split/data/ar/g0_0h/thresh1/systems/2011060100_2012063023/lpt_system_mask_ar.lptid00231.2500.nc,2011-10-08T20:00:00,0.9568333029747008,2026.839,236726944.0,2011,10,231.25
87,/home/orca/bkerns/projects/mjo_lpt_and_ar/tracking/lpt-python-public/ar.testing7.merge_split/data/ar/g0_0h/thresh1/systems/2011060100_2012063023/lpt_system_mask_ar.lptid00231.2900.nc,2011-10-17T19:00:00,0.7657696008682251,1366.1022,210196896.0,2011,10,231.29
88,/home/orca/bkerns/projects/mjo_lpt_and_ar/tracking/lpt-python-public/ar.testing7.merge_split/data/ar/g0_0h/thresh1/systems/2011060100_2012063023/lpt_system_mask_ar.lptid00306.7000.nc,2011-11-11T14:00:00,1.026703119277954,917.16003,18870128.0,2011,11,306.7
89,/home/orca/bkerns/projects/mjo_lpt_and_ar/tracking/lpt-python-public/ar.testing7.merge_split/data/ar/g0_0h/thresh1/systems/2011060100_2012063023/lpt_system_mask_ar.lptid00380.3000.nc,2011-12-20T05:00:00,0.5639327168464661,1742.2552,240521504.0,2011,12,380.3
90,/home/orca/bkerns/projects/mjo_lpt_and_ar/tracking/lpt-python-public/ar.testing7.merge_split/data/ar/g0_0h/thresh1/systems/2011060100_2012063023/lpt_system_mask_ar.lptid00380.5000.nc,2011-12-23T11:00:00,1.4195022583007812,1234.0967,376318432.0,2011,12,380.5
91,/home/orca/bkerns/projects/mjo_lpt_and_ar/tracking/lpt-python-public/ar.testing7.merge_split/data/ar/g0_0h/thresh1/systems/2011060100_2012063023/lpt_system_mask_ar.lptid00380.6000.nc,2011-12-27T14:00:00,3.115574598312378,1697.2023,376318432.0,2011,12,380.6
92,/home/orca/bkerns/projects/mjo_lpt_and_ar/tracking/lpt-python-public/ar.testing7.merge_split/data/ar/g0_0h/thresh1/systems/2011060100_2012063023/lpt_system_mask_ar.lptid00574.5000.nc,2012-04-02T21:00:00,0.5051683187484741,1633.3561,254857360.0,2011,4,574.5
93,/home/orca/bkerns/projects/mjo_lpt_and_ar/tracking/lpt-python-public/ar.testing7.merge_split/data/ar/g0_0h/thresh1/systems/2011060100_2012063023/lpt_system_mask_ar.lptid00639.0800.nc,2012-06-03T10:00:00,0.98372882604599,1083.2539,349531328.0,2011,6,639.08
94,/home/orca/bkerns/projects/mjo_lpt_and_ar/tracking/lpt-python-public/ar.testing7.merge_split/data/ar/g0_0h/thresh1/systems/2011060100_2012063023/lpt_system_mask_ar.lptid00639.1100.nc,2012-06-14T16:00:00,0.602466344833374,2045.8679,0.0,2011,6,639.11
95,/home/orca/bkerns/projects/mjo_lpt_and_ar/tracking/lpt-python-public/ar.testing7.merge_split/data/ar/g0_0h/thresh1/systems/2011060100_2012063023/lpt_system_mask_ar.lptid00639.1200.nc,2012-06-17T04:00:00,0.4860846996307373,1370.3357,0.0,2011,6,639.12
96,/home/orca/bkerns/projects/mjo_lpt_and_ar/tracking/lpt-python-public/ar.testing7.merge_split/data/ar/g0_0h/thresh1/systems/2011060100_2012063023/lpt_system_mask_ar.lptid00639.1300.nc,2012-06-28T19:00:00,0.6152525544166565,2565.6187,0.0,2011,6,639.13
97,/home/orca/bkerns/projects/mjo_lpt_and_ar/tracking/lpt-python-public/ar.testing7.merge_split/data/ar/g0_0h/thresh1/systems/2011060100_2012063023/lpt_system_mask_ar.lptid00639.1500.nc,2012-06-22T11:00:00,1.302525758743286,628.5368,0.0,2011,6,639.15
98,/home/orca/bkerns/projects/mjo_lpt_and_ar/tracking/lpt-python-public/ar.testing7.merge_split/data/ar/g0_0h/thresh1/systems/2011060100_2012063023/lpt_system_mask_ar.lptid00639.1700.nc,2012-06-28T21:00:00,0.6152525544166565,575.1249,0.0,2011,6,639.17
99,/home/orca/bkerns/projects/mjo_lpt_and_ar/tracking/lpt-python-public/ar.testing7.merge_split/data/ar/g0_0h/thresh1/systems/2012060100_2013063023/lpt_system_mask_ar.lptid00001.0100.nc,2012-06-01T03:00:00,0.98372882604599,2748.979,349531328.0,2012,6,1.01
100,/home/orca/bkerns/projects/mjo_lpt_and_ar/tracking/lpt-python-public/ar.testing7.merge_split/data/ar/g0_0h/thresh1/systems/2012060100_2013063023/lpt_system_mask_ar.lptid00001.0200.nc,2012-06-03T10:00:00,0.98372882604599,1083.2539,349531328.0,2012,6,1.02
101,/home/orca/bkerns/projects/mjo_lpt_and_ar/tracking/lpt-python-public/ar.testing7.merge_split/data/ar/g0_0h/thresh1/systems/2012060100_2013063023/lpt_system_mask_ar.lptid00001.0500.nc,2012-06-14T16:00:00,0.602466344833374,2045.8679,0.0,2012,6,1.05
102,/home/orca/bkerns/projects/mjo_lpt_and_ar/tracking/lpt-python-public/ar.testing7.merge_split/data/ar/g0_0h/thresh1/systems/2012060100_2013063023/lpt_system_mask_ar.lptid00001.0600.nc,2012-06-17T04:00:00,0.4860846996307373,1370.3357,0.0,2012,6,1.06
103,/home/orca/bkerns/projects/mjo_lpt_and_ar/tracking/lpt-python-public/ar.testing7.merge_split/data/ar/g0_0h/thresh1/systems/2012060100_2013063023/lpt_system_mask_ar.lptid00001.0700.nc,2012-06-28T19:00:00,0.6152525544166565,2565.6187,0.0,2012,6,1.07
104,/home/orca/bkerns/projects/mjo_lpt_and_ar/tracking/lpt-python-public/ar.testing7.merge_split/data/ar/g0_0h/thresh1/systems/2012060100_2013063023/lpt_system_mask_ar.lptid00001.0900.nc,2012-06-22T11:00:00,1.302525758743286,628.5368,0.0,2012,6,1.09
105,/home/orca/bkerns/projects/mjo_lpt_and_ar/tracking/lpt-python-public/ar.testing7.merge_split/data/ar/g0_0h/thresh1/systems/2012060100_2013063023/lpt_system_mask_ar.lptid00001.1200.nc,2012-06-28T21:00:00,0.6152525544166565,575.1249,0.0,2012,6,1.12
106,/home/orca/bkerns/projects/mjo_lpt_and_ar/tracking/lpt-python-public/ar.testing7.merge_split/data/ar/g0_0h/thresh1/systems/2012060100_2013063023/lpt_system_mask_ar.lptid00001.1500.nc,2012-07-10T17:00:00,1.4452457427978516,994.8437,0.0,2012,7,1.15
107,/home/orca/bkerns/projects/mjo_lpt_and_ar/tracking/lpt-python-public/ar.testing7.merge_split/data/ar/g0_0h/thresh1/systems/2012060100_2013063023/lpt_system_mask_ar.lptid00090.1200.nc,2012-08-14T04:00:00,1.1683484315872192,1617.1196,0.0,2012,8,90.12
108,/home/orca/bkerns/projects/mjo_lpt_and_ar/tracking/lpt-python-public/ar.testing7.merge_split/data/ar/g0_0h/thresh1/systems/2012060100_2013063023/lpt_system_mask_ar.lptid00090.1300.nc,2012-08-15T04:00:00,0.7233572006225586,700.70935,0.0,2012,8,90.13
109,/home/orca/bkerns/projects/mjo_lpt_and_ar/tracking/lpt-python-public/ar.testing7.merge_split/data/ar/g0_0h/thresh1/systems/2012060100_2013063023/lpt_system_mask_ar.lptid00444.9000.nc,2013-01-05T17:00:00,0.9563705325126648,643.9154,359426016.0,2012,1,444.9
110,/home/orca/bkerns/projects/mjo_lpt_and_ar/tracking/lpt-python-public/ar.testing7.merge_split/data/ar/g0_0h/thresh1/systems/2012060100_2013063023/lpt_system_mask_ar.lptid00637.0800.nc,2013-05-16T12:00:00,0.5893934369087219,1458.0298,147329264.0,2012,5,637.08
111,/home/orca/bkerns/projects/mjo_lpt_and_ar/tracking/lpt-python-public/ar.testing7.merge_split/data/ar/g0_0h/thresh1/systems/2012060100_2013063023/lpt_system_mask_ar.lptid00637.1100.nc,2013-05-21T05:00:00,1.58317768573761,806.4587,0.0,2012,5,637.11
112,/home/orca/bkerns/projects/mjo_lpt_and_ar/tracking/lpt-python-public/ar.testing7.merge_split/data/ar/g0_0h/thresh1/systems/2012060100_2013063023/lpt_system_mask_ar.lptid00751.6000.nc,2013-06-23T04:00:00,1.362289309501648,2494.7253,89128264.0,2012,6,751.6
113,/home/orca/bkerns/projects/mjo_lpt_and_ar/tracking/lpt-python-public/ar.testing7.merge_split/data/ar/g0_0h/thresh1/systems/2013060100_2014063023/lpt_system_mask_ar.lptid00013.6000.nc,2013-06-23T04:00:00,1.362289309501648,2494.7253,89128264.0,2013,6,13.6
114,/home/orca/bkerns/projects/mjo_lpt_and_ar/tracking/lpt-python-public/ar.testing7.merge_split/data/ar/g0_0h/thresh1/systems/2013060100_2014063023/lpt_system_mask_ar.lptid00393.6000.nc,2014-01-10T22:00:00,0.989714503288269,1139.3912,398225440.0,2013,1,393.6
115,/home/orca/bkerns/projects/mjo_lpt_and_ar/tracking/lpt-python-public/ar.testing7.merge_split/data/ar/g0_0h/thresh1/systems/2013060100_2014063023/lpt_system_mask_ar.lptid00402.5000.nc,2014-01-18T15:00:00,0.5669434070587158,1414.2023,367240672.0,2013,1,402.5
116,/home/orca/bkerns/projects/mjo_lpt_and_ar/tracking/lpt-python-public/ar.testing7.merge_split/data/ar/g0_0h/thresh1/systems/2013060100_2014063023/lpt_system_mask_ar.lptid00402.6000.nc,2014-01-15T19:00:00,0.4437964558601379,1413.9075,367240672.0,2013,1,402.6
117,/home/orca/bkerns/projects/mjo_lpt_and_ar/tracking/lpt-python-public/ar.testing7.merge_split/data/ar/g0_0h/thresh1/systems/2013060100_2014063023/lpt_system_mask_ar.lptid00542.0400.nc,2014-04-21T00:00:00,0.9203473925590516,666.72705,126630648.0,2013,4,542.04
118,/home/orca/bkerns/projects/mjo_lpt_and_ar/tracking/lpt-python-public/ar.testing7.merge_split/data/ar/g0_0h/thresh1/systems/2013060100_2014063023/lpt_system_mask_ar.lptid00542.0500.nc,2014-05-09T01:00:00,0.6045548915863037,1444.5718,0.0,2013,5,542.05
119,/home/orca/bkerns/projects/mjo_lpt_and_ar/tracking/lpt-python-public/ar.testing7.merge_split/data/ar/g0_0h/thresh1/systems/2013060100_2014063023/lpt_system_mask_ar.lptid00542.1200.nc,2014-05-23T11:00:00,0.5920835733413696,1167.966,123598048.0,2013,5,542.12
120,/home/orca/bkerns/projects/mjo_lpt_and_ar/tracking/lpt-python-public/ar.testing7.merge_split/data/ar/g0_0h/thresh1/systems/2014060100_2015063023/lpt_system_mask_ar.lptid00353.2000.nc,2014-12-09T11:00:00,3.0430800914764404,1639.8148,83874488.0,2014,12,353.2
121,/home/orca/bkerns/projects/mjo_lpt_and_ar/tracking/lpt-python-public/ar.testing7.merge_split/data/ar/g0_0h/thresh1/systems/2014060100_2015063023/lpt_system_mask_ar.lptid00353.3000.nc,2014-12-14T21:00:00,1.0488356351852417,1523.8315,70885544.0,2014,12,353.3
122,/home/orca/bkerns/projects/mjo_lpt_and_ar/tracking/lpt-python-public/ar.testing7.merge_split/data/ar/g0_0h/thresh1/systems/2014060100_2015063023/lpt_system_mask_ar.lptid00370.8000.nc,2015-01-04T16:00:00,1.4989526271820068,1845.9109,391706496.0,2014,1,370.8
123,/home/orca/bkerns/projects/mjo_lpt_and_ar/tracking/lpt-python-public/ar.testing7.merge_split/data/ar/g0_0h/thresh1/systems/2014060100_2015063023/lpt_system_mask_ar.lptid00682.1000.nc,2015-06-09T14:00:00,1.1634063720703125,2423.738,190593440.0,2014,6,682.1
124,/home/orca/bkerns/projects/mjo_lpt_and_ar/tracking/lpt-python-public/ar.testing7.merge_split/data/ar/g0_0h/thresh1/systems/2015060100_2016063023/lpt_system_mask_ar.lptid00019.1000.nc,2015-06-09T14:00:00,1.1634063720703125,2423.738,190593440.0,2015,6,19.1
125,/home/orca/bkerns/projects/mjo_lpt_and_ar/tracking/lpt-python-public/ar.testing7.merge_split/data/ar/g0_0h/thresh1/systems/2015060100_2016063023/lpt_system_mask_ar.lptid00020.2100.nc,2015-08-08T16:00:00,0.97804456949234,3591.2742,420654240.0,2015,8,20.21
126,/home/orca/bkerns/projects/mjo_lpt_and_ar/tracking/lpt-python-public/ar.testing7.merge_split/data/ar/g0_0h/thresh1/systems/2015060100_2016063023/lpt_system_mask_ar.lptid00020.2300.nc,2015-08-08T18:00:00,0.4549972712993622,573.25,78431344.0,2015,8,20.23
127,/home/orca/bkerns/projects/mjo_lpt_and_ar/tracking/lpt-python-public/ar.testing7.merge_split/data/ar/g0_0h/thresh1/systems/2015060100_2016063023/lpt_system_mask_ar.lptid00020.2600.nc,2015-09-08T09:00:00,0.6107355952262878,2736.683,255024704.0,2015,9,20.26
128,/home/orca/bkerns/projects/mjo_lpt_and_ar/tracking/lpt-python-public/ar.testing7.merge_split/data/ar/g0_0h/thresh1/systems/2015060100_2016063023/lpt_system_mask_ar.lptid00190.0400.nc,2015-09-16T13:00:00,0.7263375520706177,2265.6646,234348976.0,2015,9,190.04
129,/home/orca/bkerns/projects/mjo_lpt_and_ar/tracking/lpt-python-public/ar.testing7.merge_split/data/ar/g0_0h/thresh1/systems/2015060100_2016063023/lpt_system_mask_ar.lptid00190.1100.nc,2015-10-07T03:00:00,0.6696388721466064,2562.2976,0.0,2015,10,190.11
130,/home/orca/bkerns/projects/mjo_lpt_and_ar/tracking/lpt-python-public/ar.testing7.merge_split/data/ar/g0_0h/thresh1/systems/2015060100_2016063023/lpt_system_mask_ar.lptid00190.1300.nc,2015-10-21T14:00:00,0.52656090259552,1798.5121,162499696.0,2015,10,190.13
131,/home/orca/bkerns/projects/mjo_lpt_and_ar/tracking/lpt-python-public/ar.testing7.merge_split/data/ar/g0_0h/thresh1/systems/2015060100_2016063023/lpt_system_mask_ar.lptid00190.1500.nc,2015-10-12T10:00:00,2.788299798965454,1323.7982,78515224.0,2015,10,190.15
132,/home/orca/bkerns/projects/mjo_lpt_and_ar/tracking/lpt-python-public/ar.testing7.merge_split/data/ar/g0_0h/thresh1/systems/2015060100_2016063023/lpt_system_mask_ar.lptid00190.1600.nc,2015-10-25T01:00:00,0.4917175471782684,3665.7583,195225200.0,2015,10,190.16
133,/home/orca/bkerns/projects/mjo_lpt_and_ar/tracking/lpt-python-public/ar.testing7.merge_split/data/ar/g0_0h/thresh1/systems/2015060100_2016063023/lpt_system_mask_ar.lptid00343.4000.nc,2015-12-09T15:00:00,2.5614383220672607,2110.9365,494578656.0,2015,12,343.4
134,/home/orca/bkerns/projects/mjo_lpt_and_ar/tracking/lpt-python-public/ar.testing7.merge_split/data/ar/g0_0h/thresh1/systems/2015060100_2016063023/lpt_system_mask_ar.lptid00343.5000.nc,2015-12-12T17:00:00,1.7703722715377808,1559.2126,312678272.0,2015,12,343.5
135,/home/orca/bkerns/projects/mjo_lpt_and_ar/tracking/lpt-python-public/ar.testing7.merge_split/data/ar/g0_0h/thresh1/systems/2015060100_2016063023/lpt_system_mask_ar.lptid00343.8000.nc,2015-12-17T06:00:00,1.8186373710632324,991.9784,259340624.0,2015,12,343.8
136,/home/orca/bkerns/projects/mjo_lpt_and_ar/tracking/lpt-python-public/ar.testing7.merge_split/data/ar/g0_0h/thresh1/systems/2015060100_2016063023/lpt_system_mask_ar.lptid00343.9000.nc,2015-12-27T12:00:00,0.639758288860321,1559.3087,537141696.0,2015,12,343.9
137,/home/orca/bkerns/projects/mjo_lpt_and_ar/tracking/lpt-python-public/ar.testing7.merge_split/data/ar/g0_0h/thresh1/systems/2015060100_2016063023/lpt_system_mask_ar.lptid00450.7000.nc,2016-02-13T21:00:00,1.5243266820907593,1295.4368,651816000.0,2015,2,450.7
138,/home/orca/bkerns/projects/mjo_lpt_and_ar/tracking/lpt-python-public/ar.testing7.merge_split/data/ar/g0_0h/thresh1/systems/2015060100_2016063023/lpt_system_mask_ar.lptid00623.4000.nc,2016-06-02T02:00:00,3.6830785274505615,1852.9424,212479728.0,2015,5,623.4
139,/home/orca/bkerns/projects/mjo_lpt_and_ar/tracking/lpt-python-public/ar.testing7.merge_split/data/ar/g0_0h/thresh1/systems/2016060100_2017063023/lpt_system_mask_ar.lptid00070.2000.nc,2016-07-07T22:00:00,1.490883708000183,2100.6677,213877520.0,2016,7,70.2
140,/home/orca/bkerns/projects/mjo_lpt_and_ar/tracking/lpt-python-public/ar.testing7.merge_split/data/ar/g0_0h/thresh1/systems/2016060100_2017063023/lpt_system_mask_ar.lptid00330.1000.nc,2016-11-07T05:00:00,0.5541852116584778,3236.9873,536771808.0,2016,11,330.1
141,/home/orca/bkerns/projects/mjo_lpt_and_ar/tracking/lpt-python-public/ar.testing7.merge_split/data/ar/g0_0h/thresh1/systems/2016060100_2017063023/lpt_system_mask_ar.lptid00330.2000.nc,2016-11-11T02:00:00,1.116945743560791,2838.5166,283587648.0,2016,11,330.2
142,/home/orca/bkerns/projects/mjo_lpt_and_ar/tracking/lpt-python-public/ar.testing7.merge_split/data/ar/g0_0h/thresh1/systems/2016060100_2017063023/lpt_system_mask_ar.lptid00330.5000.nc,2016-11-13T15:00:00,1.126585841178894,1372.6365,164919968.0,2016,11,330.5
143,/home/orca/bkerns/projects/mjo_lpt_and_ar/tracking/lpt-python-public/ar.testing7.merge_split/data/ar/g0_0h/thresh1/systems/2016060100_2017063023/lpt_system_mask_ar.lptid00390.4000.nc,2016-12-09T16:00:00,2.439002990722656,1025.4327,592326144.0,2016,12,390.4
144,/home/orca/bkerns/projects/mjo_lpt_and_ar/tracking/lpt-python-public/ar.testing7.merge_split/data/ar/g0_0h/thresh1/systems/2016060100_2017063023/lpt_system_mask_ar.lptid00422.3000.nc,2017-01-04T08:00:00,3.571838617324829,702.8931,330077568.0,2016,1,422.3
145,/home/orca/bkerns/projects/mjo_lpt_and_ar/tracking/lpt-python-public/ar.testing7.merge_split/data/ar/g0_0h/thresh1/systems/2016060100_2017063023/lpt_system_mask_ar.lptid00438.5000.nc,2017-01-16T22:00:00,3.353090524673462,2063.257,104932720.0,2016,1,438.5
146,/home/orca/bkerns/projects/mjo_lpt_and_ar/tracking/lpt-python-public/ar.testing7.merge_split/data/ar/g0_0h/thresh1/systems/2016060100_2017063023/lpt_system_mask_ar.lptid00704.4000.nc,2017-06-07T21:00:00,1.3068145513534546,1049.675,243629296.0,2016,6,704.4
147,/home/orca/bkerns/projects/mjo_lpt_and_ar/tracking/lpt-python-public/ar.testing7.merge_split/data/ar/g0_0h/thresh1/systems/2017060100_2018063023/lpt_system_mask_ar.lptid00297.1400.nc,2017-12-15T06:00:00,1.2147353887557983,1556.9072,378299488.0,2017,12,297.14
148,/home/orca/bkerns/projects/mjo_lpt_and_ar/tracking/lpt-python-public/ar.testing7.merge_split/data/ar/g0_0h/thresh1/systems/2017060100_2018063023/lpt_system_mask_ar.lptid00297.1700.nc,2017-12-17T20:00:00,1.2147353887557983,803.75555,341302464.0,2017,12,297.17
149,/home/orca/bkerns/projects/mjo_lpt_and_ar/tracking/lpt-python-public/ar.testing7.merge_split/data/ar/g0_0h/thresh1/systems/2017060100_2018063023/lpt_system_mask_ar.lptid00297.1900.nc,2017-12-25T05:00:00,0.8625923991203308,1323.688,218225440.0,2017,12,297.19
150,/home/orca/bkerns/projects/mjo_lpt_and_ar/tracking/lpt-python-public/ar.testing7.merge_split/data/ar/g0_0h/thresh1/systems/2017060100_2018063023/lpt_system_mask_ar.lptid00384.2000.nc,2018-01-21T03:00:00,1.1653618812561035,1115.6349,294255008.0,2017,1,384.2
151,/home/orca/bkerns/projects/mjo_lpt_and_ar/tracking/lpt-python-public/ar.testing7.merge_split/data/ar/g0_0h/thresh1/systems/2017060100_2018063023/lpt_system_mask_ar.lptid00402.4000.nc,2018-01-31T05:00:00,1.7402348518371582,1695.2156,400262464.0,2017,1,402.4
152,/home/orca/bkerns/projects/mjo_lpt_and_ar/tracking/lpt-python-public/ar.testing7.merge_split/data/ar/g0_0h/thresh1/systems/2017060100_2018063023/lpt_system_mask_ar.lptid00402.5000.nc,2018-02-03T04:00:00,1.7402348518371582,1215.1458,400262464.0,2017,2,402.5
153,/home/orca/bkerns/projects/mjo_lpt_and_ar/tracking/lpt-python-public/ar.testing7.merge_split/data/ar/g0_0h/thresh1/systems/2018060100_2019063023/lpt_system_mask_ar.lptid00047.1700.nc,2018-08-26T12:00:00,0.3808821737766266,2539.5063,0.0,2018,8,47.17
154,/home/orca/bkerns/projects/mjo_lpt_and_ar/tracking/lpt-python-public/ar.testing7.merge_split/data/ar/g0_0h/thresh1/systems/2018060100_2019063023/lpt_system_mask_ar.lptid00047.2100.nc,2018-09-03T02:00:00,0.9525412917137146,1670.6466,0.0,2018,9,47.21
155,/home/orca/bkerns/projects/mjo_lpt_and_ar/tracking/lpt-python-public/ar.testing7.merge_split/data/ar/g0_0h/thresh1/systems/2018060100_2019063023/lpt_system_mask_ar.lptid00374.2000.nc,2018-12-29T00:00:00,1.3371411561965942,1109.5006,426373024.0,2018,12,374.2
156,/home/orca/bkerns/projects/mjo_lpt_and_ar/tracking/lpt-python-public/ar.testing7.merge_split/data/ar/g0_0h/thresh1/systems/2018060100_2019063023/lpt_system_mask_ar.lptid00374.3000.nc,2018-12-26T11:00:00,0.8278875350952148,942.1907,361807008.0,2018,12,374.3
157,/home/orca/bkerns/projects/mjo_lpt_and_ar/tracking/lpt-python-public/ar.testing7.merge_split/data/ar/g0_0h/thresh1/systems/2019060100_2020063023/lpt_system_mask_ar.lptid00049.3000.nc,2019-07-09T16:00:00,0.3294577002525329,1189.6694,146110368.0,2019,7,49.3
158,/home/orca/bkerns/projects/mjo_lpt_and_ar/tracking/lpt-python-public/ar.testing7.merge_split/data/ar/g0_0h/thresh1/systems/2019060100_2020063023/lpt_system_mask_ar.lptid00361.3000.nc,2019-12-22T01:00:00,2.316313982009888,838.928,217885024.0,2019,12,361.3
159,/home/orca/bkerns/projects/mjo_lpt_and_ar/tracking/lpt-python-public/ar.testing7.merge_split/data/ar/g0_0h/thresh1/systems/2019060100_2020063023/lpt_system_mask_ar.lptid00523.1100.nc,2020-04-10T20:00:00,2.03528094291687,901.0062,290255968.0,2019,4,523.11
160,/home/orca/bkerns/projects/mjo_lpt_and_ar/tracking/lpt-python-public/ar.testing7.merge_split/data/ar/g0_0h/thresh1/systems/2019060100_2020063023/lpt_system_mask_ar.lptid00523.1600.nc,2020-04-22T12:00:00,0.9509372115135192,1444.1769,286360640.0,2019,4,523.16
161,/home/orca/bkerns/projects/mjo_lpt_and_ar/tracking/lpt-python-public/ar.testing7.merge_split/data/ar/g0_0h/thresh1/systems/2020060100_2021063023/lpt_system_mask_ar.lptid00017.2200.nc,2020-08-06T01:00:00,0.934988021850586,2237.7703,433244256.0,2020,8,17.22
162,/home/orca/bkerns/projects/mjo_lpt_and_ar/tracking/lpt-python-public/ar.testing7.merge_split/data/ar/g0_0h/thresh1/systems/2020060100_2021063023/lpt_system_mask_ar.lptid00017.2500.nc,2020-08-21T07:00:00,1.5261107683181765,1675.2499,0.0,2020,8,17.25
163,/home/orca/bkerns/projects/mjo_lpt_and_ar/tracking/lpt-python-public/ar.testing7.merge_split/data/ar/g0_0h/thresh1/systems/2020060100_2021063023/lpt_system_mask_ar.lptid00017.2600.nc,2020-08-24T10:00:00,0.4621059894561767,1279.1936,117232344.0,2020,8,17.26
164,/home/orca/bkerns/projects/mjo_lpt_and_ar/tracking/lpt-python-public/ar.testing7.merge_split/data/ar/g0_0h/thresh1/systems/2020060100_2021063023/lpt_system_mask_ar.lptid00178.0800.nc,2020-09-23T06:00:00,1.436311960220337,1381.0182,188311152.0,2020,9,178.08
165,/home/orca/bkerns/projects/mjo_lpt_and_ar/tracking/lpt-python-public/ar.testing7.merge_split/data/ar/g0_0h/thresh1/systems/2020060100_2021063023/lpt_system_mask_ar.lptid00178.1000.nc,2020-10-09T14:00:00,1.5428574085235596,3468.3508,341030400.0,2020,10,178.1
166,/home/orca/bkerns/projects/mjo_lpt_and_ar/tracking/lpt-python-public/ar.testing7.merge_split/data/ar/g0_0h/thresh1/systems/2020060100_2021063023/lpt_system_mask_ar.lptid00178.1200.nc,2020-10-18T11:00:00,1.4572577476501465,1675.1575,240003984.0,2020,10,178.12
167,/home/orca/bkerns/projects/mjo_lpt_and_ar/tracking/lpt-python-public/ar.testing7.merge_split/data/ar/g0_0h/thresh1/systems/2020060100_2021063023/lpt_system_mask_ar.lptid00336.7000.nc,2020-12-16T07:00:00,1.3736268281936646,906.00116,313142656.0,2020,12,336.7
168,/home/orca/bkerns/projects/mjo_lpt_and_ar/tracking/lpt-python-public/ar.testing7.merge_split/data/ar/g0_0h/thresh1/systems/2020060100_2021063023/lpt_system_mask_ar.lptid00374.2000.nc,2021-01-01T07:00:00,4.431805610656738,2167.8474,298060960.0,2020,12,374.2
169,/home/orca/bkerns/projects/mjo_lpt_and_ar/tracking/lpt-python-public/ar.testing7.merge_split/data/ar/g0_0h/thresh1/systems/2020060100_2021063023/lpt_system_mask_ar.lptid00383.0300.nc,2021-01-11T10:00:00,1.6907343864440918,1696.5536,419898656.0,2020,1,383.03
170,/home/orca/bkerns/projects/mjo_lpt_and_ar/tracking/lpt-python-public/ar.testing7.merge_split/data/ar/g0_0h/thresh1/systems/2020060100_2021063023/lpt_system_mask_ar.lptid00383.0400.nc,2021-01-06T10:00:00,1.2640388011932373,741.8916,325011264.0,2020,1,383.04
171,/home/orca/bkerns/projects/mjo_lpt_and_ar/tracking/lpt-python-public/ar.testing7.merge_split/data/ar/g0_0h/thresh1/systems/2020060100_2021063023/lpt_system_mask_ar.lptid00383.0500.nc,2021-01-09T15:00:00,1.6907343864440918,1556.4285,330824992.0,2020,1,383.05
172,/home/orca/bkerns/projects/mjo_lpt_and_ar/tracking/lpt-python-public/ar.testing7.merge_split/data/ar/g0_0h/thresh1/systems/2020060100_2021063023/lpt_system_mask_ar.lptid00383.0600.nc,2021-01-15T22:00:00,0.6349619626998901,1733.1617,419898656.0,2020,1,383.06
173,/home/orca/bkerns/projects/mjo_lpt_and_ar/tracking/lpt-python-public/ar.testing7.merge_split/data/ar/g0_0h/thresh1/systems/2020060100_2021063023/lpt_system_mask_ar.lptid00383.0900.nc,2021-01-20T01:00:00,1.722367286682129,1654.4224,341544032.0,2020,1,383.09
174,/home/orca/bkerns/projects/mjo_lpt_and_ar/tracking/lpt-python-public/ar.testing7.merge_split/data/ar/g0_0h/thresh1/systems/2020060100_2021063023/lpt_system_mask_ar.lptid00383.1300.nc,2021-01-31T01:00:00,1.5667608976364136,1706.8137,53331132.0,2020,1,383.13
175,/home/orca/bkerns/projects/mjo_lpt_and_ar/tracking/lpt-python-public/ar.testing7.merge_split/data/ar/g0_0h/thresh1/systems/2020060100_2021063023/lpt_system_mask_ar.lptid00383.1400.nc,2021-01-26T17:00:00,3.2699694633483887,758.6995,36120424.0,2020,1,383.14
176,/home/orca/bkerns/projects/mjo_lpt_and_ar/tracking/lpt-python-public/ar.testing7.merge_split/data/ar/g0_0h/thresh1/systems/2020060100_2021063023/lpt_system_mask_ar.lptid00383.2200.nc,2021-02-14T14:00:00,1.1730878353118896,1782.9908,234415664.0,2020,2,383.22
177,/home/orca/bkerns/projects/mjo_lpt_and_ar/tracking/lpt-python-public/ar.testing7.merge_split/data/ar/g0_0h/thresh1/systems/2020060100_2021063023/lpt_system_mask_ar.lptid00383.2300.nc,2021-02-18T13:00:00,1.114542007446289,1246.659,234415664.0,2020,2,383.23
178,/home/orca/bkerns/projects/mjo_lpt_and_ar/tracking/lpt-python-public/ar.testing7.merge_split/data/ar/g0_0h/thresh1/systems/2020060100_2021063023/lpt_system_mask_ar.lptid00571.2000.nc,2021-04-30T02:00:00,1.3568243980407717,2797.4775,99132352.0,2020,4,571.2
179,/home/orca/bkerns/projects/mjo_lpt_and_ar/tracking/lpt-python-public/ar.testing7.merge_split/data/ar/g0_0h/thresh1/systems/2020060100_2021063023/lpt_system_mask_ar.lptid00585.2000.nc,2021-05-06T15:00:00,0.6819424629211426,839.6849,75419672.0,2020,5,585.2
180,/home/orca/bkerns/projects/mjo_lpt_and_ar/tracking/lpt-python-public/ar.testing7.merge_split/data/ar/g0_0h/thresh1/systems/2021060100_2022063023/lpt_system_mask_ar.lptid00016.1300.nc,2021-08-06T22:00:00,1.1795657873153689,2228.2324,167023712.0,2021,8,16.13
181,/home/orca/bkerns/projects/mjo_lpt_and_ar/tracking/lpt-python-public/ar.testing7.merge_split/data/ar/g0_0h/thresh1/systems/2021060100_2022063023/lpt_system_mask_ar.lptid00016.2000.nc,2021-08-16T04:00:00,0.5316108465194702,1061.2482,0.0,2021,8,16.2
182,/home/orca/bkerns/projects/mjo_lpt_and_ar/tracking/lpt-python-public/ar.testing7.merge_split/data/ar/g0_0h/thresh1/systems/2021060100_2022063023/lpt_system_mask_ar.lptid00016.2200.nc,2021-08-18T23:00:00,0.610482394695282,1481.7098,0.0,2021,8,16.22
183,/home/orca/bkerns/projects/mjo_lpt_and_ar/tracking/lpt-python-public/ar.testing7.merge_split/data/ar/g0_0h/thresh1/systems/2021060100_2022063023/lpt_system_mask_ar.lptid00016.2600.nc,2021-08-19T22:00:00,0.6137865781784058,1379.8766,0.0,2021,8,16.26
184,/home/orca/bkerns/projects/mjo_lpt_and_ar/tracking/lpt-python-public/ar.testing7.merge_split/data/ar/g0_0h/thresh1/systems/2021060100_2022063023/lpt_system_mask_ar.lptid00016.3200.nc,2021-09-04T15:00:00,1.5814239978790283,1469.0204,0.0,2021,9,16.32
185,/home/orca/bkerns/projects/mjo_lpt_and_ar/tracking/lpt-python-public/ar.testing7.merge_split/data/ar/g0_0h/thresh1/systems/2021060100_2022063023/lpt_system_mask_ar.lptid00342.0700.nc,2022-01-02T05:00:00,1.0019320249557495,991.348,281973248.0,2021,12,342.07
186,/home/orca/bkerns/projects/mjo_lpt_and_ar/tracking/lpt-python-public/ar.testing7.merge_split/data/ar/g0_0h/thresh1/systems/2021060100_2022063023/lpt_system_mask_ar.lptid00342.0900.nc,2022-01-04T18:00:00,1.8312619924545288,1136.128,283197056.0,2021,1,342.09
187,/home/orca/bkerns/projects/mjo_lpt_and_ar/tracking/lpt-python-public/ar.testing7.merge_split/data/ar/g0_0h/thresh1/systems/2021060100_2022063023/lpt_system_mask_ar.lptid00342.1200.nc,2022-01-10T11:00:00,1.4365087747573853,1187.9574,279907200.0,2021,1,342.12
188,/home/orca/bkerns/projects/mjo_lpt_and_ar/tracking/lpt-python-public/ar.testing7.merge_split/data/ar/g0_0h/thresh1/systems/2021060100_2022063023/lpt_system_mask_ar.lptid00393.4000.nc,2022-01-30T15:00:00,0.6238109469413757,1624.5687,352566016.0,2021,1,393.4
189,/home/orca/bkerns/projects/mjo_lpt_and_ar/tracking/lpt-python-public/ar.testing7.merge_split/data/ar/g0_0h/thresh1/systems/2021060100_2022063023/lpt_system_mask_ar.lptid00434.9000.nc,2022-02-27T18:00:00,2.0514533519744877,1189.5785,317802336.0,2021,2,434.9
190,/home/orca/bkerns/projects/mjo_lpt_and_ar/tracking/lpt-python-public/ar.testing7.merge_split/data/ar/g0_0h/thresh1/systems/2021060100_2022063023/lpt_system_mask_ar.lptid00458.1900.nc,2022-03-30T08:00:00,1.02268385887146,862.0712,73057160.0,2021,3,458.19
191,/home/orca/bkerns/projects/mjo_lpt_and_ar/tracking/lpt-python-public/ar.testing7.merge_split/data/ar/g0_0h/thresh1/systems/2022060100_2023063023/lpt_system_mask_ar.lptid00197.0400.nc,2022-09-28T07:00:00,1.0227947235107422,1422.9622,253327936.0,2022,9,197.04
192,/home/orca/bkerns/projects/mjo_lpt_and_ar/tracking/lpt-python-public/ar.testing7.merge_split/data/ar/g0_0h/thresh1/systems/2022060100_2023063023/lpt_system_mask_ar.lptid00281.2000.nc,2022-10-27T15:00:00,0.9847230911254884,860.8351,332948608.0,2022,10,281.2
193,/home/orca/bkerns/projects/mjo_lpt_and_ar/tracking/lpt-python-public/ar.testing7.merge_split/data/ar/g0_0h/thresh1/systems/2022060100_2023063023/lpt_system_mask_ar.lptid00281.3000.nc,2022-11-03T23:00:00,2.799065589904785,2495.7095,328165600.0,2022,11,281.3
194,/home/orca/bkerns/projects/mjo_lpt_and_ar/tracking/lpt-python-public/ar.testing7.merge_split/data/ar/g0_0h/thresh1/systems/2022060100_2023063023/lpt_system_mask_ar.lptid00386.4000.nc,2022-12-23T03:00:00,1.2918004989624023,1714.7246,247408528.0,2022,12,386.4
195,/home/orca/bkerns/projects/mjo_lpt_and_ar/tracking/lpt-python-public/ar.testing7.merge_split/data/ar/g0_0h/thresh1/systems/2022060100_2023063023/lpt_system_mask_ar.lptid00386.5000.nc,2022-12-24T08:00:00,7.920902252197266,2146.7937,382220224.0,2022,12,386.5
196,/home/orca/bkerns/projects/mjo_lpt_and_ar/tracking/lpt-python-public/ar.testing7.merge_split/data/ar/g0_0h/thresh1/systems/2022060100_2023063023/lpt_system_mask_ar.lptid00386.7000.nc,2023-01-02T15:00:00,1.274823913886421,1403.1979,373912608.0,2022,1,386.7
197,/home/orca/bkerns/projects/mjo_lpt_and_ar/tracking/lpt-python-public/ar.testing7.merge_split/data/ar/g0_0h/thresh1/systems/2022060100_2023063023/lpt_system_mask_ar.lptid00465.2000.nc,2023-02-03T06:00:00,1.0112297187228734,881.07983,393451136.0,2022,2,465.2
198,/home/orca/bkerns/projects/mjo_lpt_and_ar/tracking/lpt-python-public/ar.testing7.merge_split/data/ar/g0_0h/thresh1/systems/2022060100_2023063023/lpt_system_mask_ar.lptid00465.4000.nc,2023-02-04T20:00:00,1.0112297187228734,757.3074,390505536.0,2022,2,465.4
199,/home/orca/bkerns/projects/mjo_lpt_and_ar/tracking/lpt-python-public/ar.testing7.merge_split/data/ar/g0_0h/thresh1/systems/2022060100_2023063023/lpt_system_mask_ar.lptid00546.4000.nc,2023-04-15T09:00:00,0.5748943130059444,743.874,194486336.0,2022,4,546.4
200,/home/orca/bkerns/projects/mjo_lpt_and_ar/tracking/lpt-python-public/ar.testing7.merge_split/data/ar/g0_0h/thresh1/systems/2023060100_2024063023/lpt_system_mask_ar.lptid00085.3000.nc,2023-07-22T15:00:00,0.3893091739823385,1379.2584,19364902.0,2023,7,85.4
201,/home/orca/bkerns/projects/mjo_lpt_and_ar/tracking/lpt-python-public/ar.testing7.merge_split/data/ar/g0_0h/thresh1/systems/2023060100_2024063023/lpt_system_mask_ar.lptid00085.5000.nc,2023-07-25T01:00:00,0.4946039818109381,227.59364,11916016.0,2023,7,86.1
202,/home/orca/bkerns/projects/mjo_lpt_and_ar/tracking/lpt-python-public/ar.testing7.merge_split/data/ar/g0_0h/thresh1/systems/2023060100_2024063023/lpt_system_mask_ar.lptid00311.1100.nc,2023-12-15T10:00:00,2.0263056421778782,886.9277,9026667.0,2023,12,311.12
203,/home/orca/bkerns/projects/mjo_lpt_and_ar/tracking/lpt-python-public/ar.testing7.merge_split/data/ar/g0_0h/thresh1/systems/2023060100_2024063023/lpt_system_mask_ar.lptid00377.8000.nc,2024-01-17T00:00:00,1.6148005685260365,1610.9443,13155504.0,2023,1,377.9
204,/home/orca/bkerns/projects/mjo_lpt_and_ar/tracking/lpt-python-public/ar.testing7.merge_split/data/ar/g0_0h/thresh1/systems/2023060100_2024063023/lpt_system_mask_ar.lptid00377.9000.nc,2024-01-27T05:00:00,2.420665764351253,785.3229,19529356.0,2023,1,378.0
205,/home/orca/bkerns/projects/mjo_lpt_and_ar/tracking/lpt-python-public/ar.testing7.merge_split/data/ar/g0_0h/thresh1/systems/2023060100_2024063023/lpt_system_mask_ar.lptid00623.0600.nc,2024-06-01T08:00:00,0.0,808.0197,12300736.0,2023,5,623.07
206,/home/orca/bkerns/projects/mjo_lpt_and_ar/tracking/lpt-python-public/ar.testing7.merge_split/data/ar/g0_0h/thresh1/systems/2023060100_2024063023/lpt_system_mask_ar.lptid00623.0800.nc,2024-06-06T20:00:00,0.0,1732.1731,1268489.875,2023,6,623.09
207,/home/orca/bkerns/projects/mjo_lpt_and_ar/tracking/lpt-python-public/ar.testing7.merge_split/data/ar/g0_0h/thresh1/systems/2023060100_2024063023/lpt_system_mask_ar.lptid00623.0900.nc,2024-06-11T16:00:00,0.0,2042.1394,0.0,2023,6,623.1
208,/home/orca/bkerns/projects/mjo_lpt_and_ar/tracking/lpt-python-public/ar.testing7.merge_split/data/ar/g0_0h/thresh1/systems/2023060100_2024063023/lpt_system_mask_ar.lptid00623.1100.nc,2024-06-16T21:00:00,0.0,2201.9282,0.0,2023,6,623.12
209,/home/orca/bkerns/projects/mjo_lpt_and_ar/tracking/lpt-python-public/ar.testing7.merge_split/data/ar/g0_0h/thresh1/systems/2000060100_2001063023/lpt_system_mask_ar.lptid00297.1000.nc,2000-10-15T19:00:00,1.880192295335644,1686.1019,256118048.0,2000,10,297.1
210,/home/orca/bkerns/projects/mjo_lpt_and_ar/tracking/lpt-python-public/ar.testing7.merge_split/data/ar/g0_0h/thresh1/systems/2000060100_2001063023/lpt_system_mask_ar.lptid00410.1000.nc,2000-12-01T13:00:00,0.791747695954767,1699.6652,244642432.0,2000,11,410.1
211,/home/orca/bkerns/projects/mjo_lpt_and_ar/tracking/lpt-python-public/ar.testing7.merge_split/data/ar/g0_0h/thresh1/systems/2001060100_2002063023/lpt_system_mask_ar.lptid00329.0600.nc,2001-11-18T13:00:00,1.1556355953216553,2058.3704,289882816.0,2001,11,329.06
212,/home/orca/bkerns/projects/mjo_lpt_and_ar/tracking/lpt-python-public/ar.testing7.merge_split/data/ar/g0_0h/thresh1/systems/2001060100_2002063023/lpt_system_mask_ar.lptid00436.1000.nc,2001-12-27T16:00:00,3.589043140411377,2091.3118,392617184.0,2001,12,436.1
213,/home/orca/bkerns/projects/mjo_lpt_and_ar/tracking/lpt-python-public/ar.testing7.merge_split/data/ar/g0_0h/thresh1/systems/2005060100_2006063023/lpt_system_mask_ar.lptid00402.1000.nc,2005-12-19T06:00:00,3.003702163696289,1967.2961,450368672.0,2005,12,402.1
214,/home/orca/bkerns/projects/mjo_lpt_and_ar/tracking/lpt-python-public/ar.testing7.merge_split/data/ar/g0_0h/thresh1/systems/2005060100_2006063023/lpt_system_mask_ar.lptid00483.1000.nc,2006-01-28T05:00:00,1.2777771949768066,1659.2114,469877984.0,2005,1,483.1
215,/home/orca/bkerns/projects/mjo_lpt_and_ar/tracking/lpt-python-public/ar.testing7.merge_split/data/ar/g0_0h/thresh1/systems/2006060100_2007063023/lpt_system_mask_ar.lptid00287.2100.nc,2007-01-01T15:00:00,1.2576258182525637,1899.8942,475695008.0,2006,12,287.21
216,/home/orca/bkerns/projects/mjo_lpt_and_ar/tracking/lpt-python-public/ar.testing7.merge_split/data/ar/g0_0h/thresh1/systems/2006060100_2007063023/lpt_system_mask_ar.lptid00423.1000.nc,2007-02-03T11:00:00,1.0582761764526367,1719.5267,394812320.0,2006,1,423.1
217,/home/orca/bkerns/projects/mjo_lpt_and_ar/tracking/lpt-python-public/ar.testing7.merge_split/data/ar/g0_0h/thresh1/systems/2006060100_2007063023/lpt_system_mask_ar.lptid00481.2000.nc,2007-03-06T21:00:00,0.6030300259590149,1566.5548,365929344.0,2006,3,481.2
218,/home/orca/bkerns/projects/mjo_lpt_and_ar/tracking/lpt-python-public/ar.testing7.merge_split/data/ar/g0_0h/thresh1/systems/2007060100_2008063023/lpt_system_mask_ar.lptid00267.2200.nc,2007-12-22T12:00:00,0.7328949570655823,1405.6407,319687040.0,2007,12,267.22
219,/home/orca/bkerns/projects/mjo_lpt_and_ar/tracking/lpt-python-public/ar.testing7.merge_split/data/ar/g0_0h/thresh1/systems/2007060100_2008063023/lpt_system_mask_ar.lptid00394.2000.nc,2008-01-03T10:00:00,3.406451940536499,1712.5374,374431360.0,2007,1,394.2
220,/home/orca/bkerns/projects/mjo_lpt_and_ar/tracking/lpt-python-public/ar.testing7.merge_split/data/ar/g0_0h/thresh1/systems/2007060100_2008063023/lpt_system_mask_ar.lptid00439.0900.nc,2008-02-03T00:00:00,0.8312418460845947,1463.6691,653946816.0,2007,1,439.09
221,/home/orca/bkerns/projects/mjo_lpt_and_ar/tracking/lpt-python-public/ar.testing7.merge_split/data/ar/g0_0h/thresh1/systems/2007060100_2008063023/lpt_system_mask_ar.lptid00469.1000.nc,2008-02-08T12:00:00,0.778710126876831,1611.1724,653946816.0,2007,2,469.1
222,/home/orca/bkerns/projects/mjo_lpt_and_ar/tracking/lpt-python-public/ar.testing7.merge_split/data/ar/g0_0h/thresh1/systems/2008060100_2009063023/lpt_system_mask_ar.lptid00558.1000.nc,2009-03-15T10:00:00,0.9230536818504332,2114.9087,205116288.0,2008,3,558.1
223,/home/orca/bkerns/projects/mjo_lpt_and_ar/tracking/lpt-python-public/ar.testing7.merge_split/data/ar/g0_0h/thresh1/systems/2010060100_2011063023/lpt_system_mask_ar.lptid00254.1000.nc,2010-10-23T06:00:00,1.5015782117843628,3441.8093,200640496.0,2010,10,254.1
224,/home/orca/bkerns/projects/mjo_lpt_and_ar/tracking/lpt-python-public/ar.testing7.merge_split/data/ar/g0_0h/thresh1/systems/2010060100_2011063023/lpt_system_mask_ar.lptid00523.5000.nc,2011-04-04T10:00:00,0.6900022029876709,1592.845,268006272.0,2010,4,523.5
225,/home/orca/bkerns/projects/mjo_lpt_and_ar/tracking/lpt-python-public/ar.testing7.merge_split/data/ar/g0_0h/thresh1/systems/2010060100_2011063023/lpt_system_mask_ar.lptid00579.1000.nc,2011-04-25T07:00:00,0.9847087860107422,1544.9111,171914016.0,2010,4,579.1
226,/home/orca/bkerns/projects/mjo_lpt_and_ar/tracking/lpt-python-public/ar.testing7.merge_split/data/ar/g0_0h/thresh1/systems/2011060100_2012063023/lpt_system_mask_ar.lptid00231.1700.nc,2011-10-02T22:00:00,0.9980835318565368,1907.8173,431872064.0,2011,10,231.17
227,/home/orca/bkerns/projects/mjo_lpt_and_ar/tracking/lpt-python-public/ar.testing7.merge_split/data/ar/g0_0h/thresh1/systems/2011060100_2012063023/lpt_system_mask_ar.lptid00380.2000.nc,2011-12-18T02:00:00,0.6760388016700745,1914.447,205123184.0,2011,12,380.2
228,/home/orca/bkerns/projects/mjo_lpt_and_ar/tracking/lpt-python-public/ar.testing7.merge_split/data/ar/g0_0h/thresh1/systems/2011060100_2012063023/lpt_system_mask_ar.lptid00419.1800.nc,2012-01-28T22:00:00,1.5696039199829102,1908.6283,430738400.0,2011,1,419.18
229,/home/orca/bkerns/projects/mjo_lpt_and_ar/tracking/lpt-python-public/ar.testing7.merge_split/data/ar/g0_0h/thresh1/systems/2011060100_2012063023/lpt_system_mask_ar.lptid00546.1000.nc,2012-03-12T10:00:00,1.380500555038452,1529.818,381663744.0,2011,3,546.1
230,/home/orca/bkerns/projects/mjo_lpt_and_ar/tracking/lpt-python-public/ar.testing7.merge_split/data/ar/g0_0h/thresh1/systems/2011060100_2012063023/lpt_system_mask_ar.lptid00639.0500.nc,2012-05-30T15:00:00,0.98372882604599,2748.979,349531328.0,2011,5,639.05
231,/home/orca/bkerns/projects/mjo_lpt_and_ar/tracking/lpt-python-public/ar.testing7.merge_split/data/ar/g0_0h/thresh1/systems/2013060100_2014063023/lpt_system_mask_ar.lptid00542.0200.nc,2014-04-23T20:00:00,0.9356276392936708,1895.5916,288950368.0,2013,4,542.02
232,/home/orca/bkerns/projects/mjo_lpt_and_ar/tracking/lpt-python-public/ar.testing7.merge_split/data/ar/g0_0h/thresh1/systems/2014060100_2015063023/lpt_system_mask_ar.lptid00344.1000.nc,2014-12-07T19:00:00,1.4169528484344482,1431.3822,260650896.0,2014,12,344.1
233,/home/orca/bkerns/projects/mjo_lpt_and_ar/tracking/lpt-python-public/ar.testing7.merge_split/data/ar/g0_0h/thresh1/systems/2014060100_2015063023/lpt_system_mask_ar.lptid00353.1000.nc,2014-12-08T18:00:00,2.7335667610168457,2153.0403,260650896.0,2014,12,353.1
234,/home/orca/bkerns/projects/mjo_lpt_and_ar/tracking/lpt-python-public/ar.testing7.merge_split/data/ar/g0_0h/thresh1/systems/2015060100_2016063023/lpt_system_mask_ar.lptid00343.3000.nc,2015-12-05T10:00:00,3.2492809295654297,2021.6174,470341408.0,2015,12,343.3
235,/home/orca/bkerns/projects/mjo_lpt_and_ar/tracking/lpt-python-public/ar.testing7.merge_split/data/ar/g0_0h/thresh1/systems/2016060100_2017063023/lpt_system_mask_ar.lptid00070.1000.nc,2016-07-01T12:00:00,1.2601306438446045,1948.3733,215643696.0,2016,7,70.1
236,/home/orca/bkerns/projects/mjo_lpt_and_ar/tracking/lpt-python-public/ar.testing7.merge_split/data/ar/g0_0h/thresh1/systems/2016060100_2017063023/lpt_system_mask_ar.lptid00321.1000.nc,2016-11-03T13:00:00,0.8897388577461243,1712.8245,574793664.0,2016,11,321.1
237,/home/orca/bkerns/projects/mjo_lpt_and_ar/tracking/lpt-python-public/ar.testing7.merge_split/data/ar/g0_0h/thresh1/systems/2016060100_2017063023/lpt_system_mask_ar.lptid00372.1000.nc,2016-12-02T16:00:00,0.5777474045753479,2111.5688,234450944.0,2016,11,372.1
238,/home/orca/bkerns/projects/mjo_lpt_and_ar/tracking/lpt-python-public/ar.testing7.merge_split/data/ar/g0_0h/thresh1/systems/2016060100_2017063023/lpt_system_mask_ar.lptid00388.0500.nc,2016-12-19T08:00:00,1.999418020248413,2936.0283,593300416.0,2016,12,388.05
239,/home/orca/bkerns/projects/mjo_lpt_and_ar/tracking/lpt-python-public/ar.testing7.merge_split/data/ar/g0_0h/thresh1/systems/2016060100_2017063023/lpt_system_mask_ar.lptid00438.1000.nc,2017-01-10T02:00:00,3.370933532714844,1556.04,362258944.0,2016,1,438.1
240,/home/orca/bkerns/projects/mjo_lpt_and_ar/tracking/lpt-python-public/ar.testing7.merge_split/data/ar/g0_0h/thresh1/systems/2017060100_2018063023/lpt_system_mask_ar.lptid00368.5000.nc,2018-01-07T10:00:00,2.0921308994293213,1586.4188,291755520.0,2017,1,368.5
241,/home/orca/bkerns/projects/mjo_lpt_and_ar/tracking/lpt-python-public/ar.testing7.merge_split/data/ar/g0_0h/thresh1/systems/2017060100_2018063023/lpt_system_mask_ar.lptid00384.1000.nc,2018-01-13T06:00:00,1.022412657737732,1743.141,309383328.0,2017,1,384.1
242,/home/orca/bkerns/projects/mjo_lpt_and_ar/tracking/lpt-python-public/ar.testing7.merge_split/data/ar/g0_0h/thresh1/systems/2018060100_2019063023/lpt_system_mask_ar.lptid00374.1000.nc,2018-12-22T22:00:00,1.5850143432617188,1711.4746,525771136.0,2018,12,374.1
243,/home/orca/bkerns/projects/mjo_lpt_and_ar/tracking/lpt-python-public/ar.testing7.merge_split/data/ar/g0_0h/thresh1/systems/2018060100_2019063023/lpt_system_mask_ar.lptid00391.1000.nc,2019-01-02T20:00:00,1.3602930307388306,1928.0112,433774080.0,2018,12,391.1
244,/home/orca/bkerns/projects/mjo_lpt_and_ar/tracking/lpt-python-public/ar.testing7.merge_split/data/ar/g0_0h/thresh1/systems/2018060100_2019063023/lpt_system_mask_ar.lptid00409.1000.nc,2019-01-16T15:00:00,2.3940930366516118,1785.4882,354534720.0,2018,1,409.1
245,/home/orca/bkerns/projects/mjo_lpt_and_ar/tracking/lpt-python-public/ar.testing7.merge_split/data/ar/g0_0h/thresh1/systems/2018060100_2019063023/lpt_system_mask_ar.lptid00524.1000.nc,2019-04-05T11:00:00,1.621554970741272,1593.6162,259991600.0,2018,4,524.1
246,/home/orca/bkerns/projects/mjo_lpt_and_ar/tracking/lpt-python-public/ar.testing7.merge_split/data/ar/g0_0h/thresh1/systems/2019060100_2020063023/lpt_system_mask_ar.lptid00361.1000.nc,2019-12-18T22:00:00,2.316313982009888,1392.0422,209111888.0,2019,12,361.1
247,/home/orca/bkerns/projects/mjo_lpt_and_ar/tracking/lpt-python-public/ar.testing7.merge_split/data/ar/g0_0h/thresh1/systems/2020060100_2021063023/lpt_system_mask_ar.lptid00178.0600.nc,2020-09-25T05:00:00,0.7491018772125244,1864.38,335118880.0,2020,9,178.06
248,/home/orca/bkerns/projects/mjo_lpt_and_ar/tracking/lpt-python-public/ar.testing7.merge_split/data/ar/g0_0h/thresh1/systems/2020060100_2021063023/lpt_system_mask_ar.lptid00336.6000.nc,2020-12-19T22:00:00,1.5381801128387451,1809.7623,327464192.0,2020,12,336.6
249,/home/orca/bkerns/projects/mjo_lpt_and_ar/tracking/lpt-python-public/ar.testing7.merge_split/data/ar/g0_0h/thresh1/systems/2020060100_2021063023/lpt_system_mask_ar.lptid00374.1000.nc,2020-12-29T10:00:00,2.5707480907440186,2156.1711,214479760.0,2020,12,374.1
250,/home/orca/bkerns/projects/mjo_lpt_and_ar/tracking/lpt-python-public/ar.testing7.merge_split/data/ar/g0_0h/thresh1/systems/2020060100_2021063023/lpt_system_mask_ar.lptid00383.0100.nc,2021-01-02T14:00:00,1.5511704683303833,2181.9841,310981120.0,2020,1,383.01
251,/home/orca/bkerns/projects/mjo_lpt_and_ar/tracking/lpt-python-public/ar.testing7.merge_split/data/ar/g0_0h/thresh1/systems/2020060100_2021063023/lpt_system_mask_ar.lptid00454.1000.nc,2021-02-22T22:00:00,1.0817134380340576,1466.1766,469552576.0,2020,2,454.1
252,/home/orca/bkerns/projects/mjo_lpt_and_ar/tracking/lpt-python-public/ar.testing7.merge_split/data/ar/g0_0h/thresh1/systems/2021060100_2022063023/lpt_system_mask_ar.lptid00373.3000.nc,2022-01-20T08:00:00,1.0205509662628174,2158.6868,403855136.0,2021,1,373.3
253,/home/orca/bkerns/projects/mjo_lpt_and_ar/tracking/lpt-python-public/ar.testing7.merge_split/data/ar/g0_0h/thresh1/systems/2021060100_2022063023/lpt_system_mask_ar.lptid00393.3000.nc,2022-01-24T10:00:00,0.6391685009002686,1447.13,352408736.0,2021,1,393.3
254,/home/orca/bkerns/projects/mjo_lpt_and_ar/tracking/lpt-python-public/ar.testing7.merge_split/data/ar/g0_0h/thresh1/systems/2022060100_2023063023/lpt_system_mask_ar.lptid00281.1000.nc,2022-10-30T06:00:00,1.800382137298584,2192.2754,332948608.0,2022,10,281.1
255,/home/orca/bkerns/projects/mjo_lpt_and_ar/tracking/lpt-python-public/ar.testing7.merge_split/data/ar/g0_0h/thresh1/systems/2022060100_2023063023/lpt_system_mask_ar.lptid00465.1000.nc,2023-02-10T01:00:00,0.5731243329085193,1833.312,395080160.0,2022,2,465.1
256,/home/orca/bkerns/projects/mjo_lpt_and_ar/tracking/lpt-python-public/ar.testing7.merge_split/data/ar/g0_0h/thresh1/systems/2022060100_2023063023/lpt_system_mask_ar.lptid00546.2000.nc,2023-04-06T12:00:00,1.967856038636426,2002.309,282258624.0,2022,4,546.2
